conversation_id_str,created_at,favorite_count,full_text,id_str,image_url,in_reply_to_screen_name,lang,location,quote_count,reply_count,retweet_count,tweet_url,user_id_str,username,Klasifikasi,Keyword
1454775906304598018,Sun Oct 31 11:42:59 +0000 2021,0,@OfficialiNewsTV hari ini saluran TV digital MNC grup sudah bisa diakses di Karawang timur. Sebelumnya tidak bisa. .,1454775906304598018,,SeputariNews,in,,0,0,0,https://x.com/undefined/status/1454775906304598018,108454183,,Negatif,
1451428168267550729,Fri Oct 22 06:40:43 +0000 2021,0,@Mogiisgilang ga ngefek. bahas infrastrukturnya aja secara aws udh running di cikarang n karawang gandeng bank banten n mnc.,1451438348451549184,,Mogiisgilang,in,,0,0,0,https://x.com/undefined/status/1451438348451549184,91544274,,Negatif,
1436331757972770820,Sat Sep 11 02:47:36 +0000 2021,0,@irwa_ns @muchlis_ar Karawang juga banyak. tapi MNC grup gak ada.,1436521781297221634,,irwa_ns,in,,0,0,0,https://x.com/undefined/status/1436521781297221634,108454183,,Negatif,
1325472343515295750,Sun Nov 08 16:16:47 +0000 2020,0,@onlineproperti dijual perumahan pondok melati pawarengan Dawuan timur cikampek karawang full renovasi akses lengkap dekat dengan fasilitas umum dan pasar cikampek minat hub saya di https://t.co/1L0cI310fB Bonus parabola MNC Vision https://t.co/iPVNucsDLh,1325472343515295750,https://pbs.twimg.com/media/EmUGDCbU0AM3ojo.jpg,onlineproperti,in,,0,0,0,https://x.com/undefined/status/1325472343515295750,106074575,,Negatif,
1281853230108925952,Sat Jul 11 07:30:00 +0000 2020,0,MNC Peduli Salurkan Bantuan Alat Kesehatan ke RS Dewi Sri Karawang https://t.co/gRGutjbx6R,1281853230108925952,,,in,,0,0,0,https://x.com/undefined/status/1281853230108925952,61377303,,Negatif,
1280539715347730432,Tue Jul 07 16:30:34 +0000 2020,0,MNC Peduli mengirimkan bantuan berupa alat kesehatan kepada Rumah Sakit Dewi Sri Karawang Jawa Barat. https://t.co/Fk7xEM92gU #mncpeduli #karawang,1280539715347730432,,,in,,0,0,0,https://x.com/undefined/status/1280539715347730432,944180887171743745,,Negatif,
1279841840024313857,Sun Jul 05 19:34:25 +0000 2020,0,@NFSUofficial Pagi kak Nadya terima kasih atas ketertarikannya terhadap layanan MNC Play. untuk wilayah karawang barat saat ini belum tersedia layanan MNC Play ya kak :),1279861207353057280,,NFSUofficial,in,,0,0,0,https://x.com/undefined/status/1279861207353057280,1600172264,,Negatif,
1279841840024313857,Sun Jul 05 18:17:27 +0000 2020,0,@MNCPlayID halo mau tanya untuk daerah karawang barat apakah sudah tercover layanan mnc play ya? Trims,1279841840024313857,,MNCPlayID,in,,0,1,0,https://x.com/undefined/status/1279841840024313857,2320748504,,Negatif,
1249728236008816641,Tue Apr 14 05:03:24 +0000 2020,0,@MNCVisioncare @MNCVisionID Terima kasih atas penjelasan ya untuk pendaftarannya dimana saya sdh menggunakan mnc vision paket venus area saya Karawang dgn situasi sekarang Terimakasih,1249926203739230208,,MNCVisioncare,in,,0,1,0,https://x.com/undefined/status/1249926203739230208,259707859,,Negatif,
1248126762044649472,Thu Apr 09 05:59:13 +0000 2020,0,@karawangfess My republic kalo dah sampe mnc play kalo ada di karawang,1248128314142674945,,karawangmf,in,,0,0,0,https://x.com/undefined/status/1248128314142674945,782250175469195264,,Negatif,
1238009075088019456,Thu Mar 12 07:48:59 +0000 2020,0,MNC PEDULI BEDAH RUMAH PAK MAKSUM PEDAGANG ASONGAN DI KARAWANG https://t.co/rHC4LtgkL3,1238009075088019456,,,in,,0,0,1,https://x.com/undefined/status/1238009075088019456,846990755017232384,,Negatif,
1232922529968381952,Thu Feb 27 06:56:52 +0000 2020,1,MNC Peduli &amp; Baitulmaal Muamalat melalui program Bedah Rumah GTV kembali merenovasi rumah Bapak Maksum di Karawang Jawa Barat Keadaan rumah Bapak Maksum yang bocor ketika hujan dan rembes ketika Kali Citarum banjir membuat kondisi rumahnya sudah tidak layak huni #MNCPeduli https://t.co/1TSmMbMeNm,1232922529968381952,https://pbs.twimg.com/ext_tw_video_thumb/1232922370341507072/pu/img/nR5iUzFwsAzu8UMB.jpg,,in,,0,0,0,https://x.com/undefined/status/1232922529968381952,846990755017232384,,Negatif,
1195707408003133440,Sat Nov 16 14:17:15 +0000 2019,0,jangan lupa Nonton ya Sob. . Puncak Apresiasi bagi karya dan Insan Musik Dangdut Indonesia Mari merapat ke Lapangan Galuh Mas Karawang Jam 19.00 WIB Live di MNC TV . #chorusproduction #chorusmusic #citacitata #citatones #anugrahdangdutindonesia #anugrahdangdutindonesia2019 https://t.co/j47jUmOjuT,1195707408003133440,https://pbs.twimg.com/media/EJgBh22U0AAmFX9.jpg,,in,,0,0,0,https://x.com/undefined/status/1195707408003133440,1170944165451927552,,Negatif,
1195694296038440960,Sat Nov 16 13:25:09 +0000 2019,0,Kanit Binmas Polsek Telukjambe Timur AKP Sutiyono selaku Perwira Pengendali pimpin apel kesiapan pelayanan pengamanan Musik MNC TV Anugerah Dangdut Indonesia 2019 yg diselenggarakan oleh MNC Media di Lapangan Galuh Mas Karawang. Sabtu 16/11/2019. #humasreskrw https://t.co/QrAgoF4mpS,1195694296038440960,https://pbs.twimg.com/media/EJf1ZXyVAAAlQ4p.jpg,,in,,0,0,0,https://x.com/undefined/status/1195694296038440960,1184783950612324352,,Positif,aman
1195259108456370176,Fri Nov 15 08:35:52 +0000 2019,0,Bidik Milenial MNC Sekuritas Buka Galeri Investasi di Karawang #TauCepatTanpaBatas #Keuangan #Ekonomi #InfoSaham #HargaSaham . https://t.co/BayP4CNTlL,1195259108456370176,,,in,,0,0,0,https://x.com/undefined/status/1195259108456370176,47274731,,Positif,cepat
1195257759802937344,Fri Nov 15 08:30:31 +0000 2019,0,@null Bidik Milenial MNC Sekuritas Buka Galeri Investasi di Karawang MNC Sekuritas me https://t.co/JIGRYk62se,1195257759802937344,,,in,,0,0,0,https://x.com/undefined/status/1195257759802937344,940602434,,Negatif,
1195208570561794048,Fri Nov 15 05:15:03 +0000 2019,0,MNC Sekuritas Resmikan Galeri Investasi BEI Universitas Buana Perjuangan Karawang https://t.co/awLbzyzQZ5,1195208570561794048,,,in,,0,0,0,https://x.com/undefined/status/1195208570561794048,2916393212,,Negatif,
1195179006833750016,Fri Nov 15 03:17:35 +0000 2019,0,Kamis 14 Nopember 2019 Fakultas Ekonomi dan Bisnis UBP Karawang dan MNC Sekuritas telah melaksanakan Peresmian Galeri Investasi Bursa Efek Indonesia &amp; Seminar Pasar Modal. info https://t.co/E8lDFqQab8 #BEI #Saham #UBP #Karawang #Investasi #MNC #Sekuritas https://t.co/5ZblJEFqnZ,1195179006833750016,https://pbs.twimg.com/media/EJYg-AXU4AMI04v.jpg,,in,,0,0,0,https://x.com/undefined/status/1195179006833750016,1087256720684941312,,Negatif,
1195156543131439104,Fri Nov 15 01:51:39 +0000 2019,1,@IDX_BEI MNC Sekuritas Cabang Bandung Helfa menjelaskan Galeri Investasi BEI Universitas Buana Perjuangan Karawang menggenapi jumlah point of sales MNC Sekuritas secara nasional menjadi 130 point of sales. #MNCSekuritas #YukNabungSaham #GaleriInvestasi #GEIBEI #Komunitas #Investasi https://t.co/RZU1S7HME5,1195157381954408448,https://pbs.twimg.com/media/EJYNTS-UUAAbHof.jpg,MNCSekuritas,in,,0,0,1,https://x.com/undefined/status/1195157381954408448,2349339355,,Negatif,
1195156543131439104,Fri Nov 15 01:49:21 +0000 2019,0,Acara peresmian ini ditandai dengan penandatanganan piagam kerja sama oleh Kepala Area 1 Divisi Pengembangan Pasar @IDX_BEI Nur Rachma Handayanie Branch Manager MNC Sekuritas Cabang Bandung Helfa dan Rektor Universitas Buana Perjuangan Karawang Dedi Mulyadi. #MNCSekuritas https://t.co/HnDr3u8m0G,1195156804092801024,https://pbs.twimg.com/media/EJYMxptU0AAjm4e.jpg,MNCSekuritas,in,,0,2,0,https://x.com/undefined/status/1195156804092801024,2349339355,,Negatif,
1195156543131439104,Fri Nov 15 01:48:19 +0000 2019,1,Hi MNCers selang sehari setelah peresmian Galeri Investasi BEI Universitas Jenderal Soedirman Purwokerto MNC Sekuritas kembali meresmikan Galeri Investasi Buana Perjuangan Karawang pada hari Kamis kemarin tanggal 14 November 2019. #MNCSekuritas #GaleriInvestasi #GEIBEI https://t.co/DiR05OTgiN,1195156543131439104,https://pbs.twimg.com/media/EJYMiZ_U8AEXXze.jpg,,in,,0,1,1,https://x.com/undefined/status/1195156543131439104,2349339355,,Negatif,
1195106634726563842,Thu Nov 14 22:30:00 +0000 2019,0,MNC Sekuritas Resmikan Galeri Investasi BEI Universitas Buana Perjuangan Karawang https://t.co/4AhjdjYMx4,1195106634726563842,,,in,,0,0,0,https://x.com/undefined/status/1195106634726563842,375995332,,Negatif,
1194949760131698688,Thu Nov 14 12:06:38 +0000 2019,0,Sehari setelah peresmian Galeri Investasi BEI Universitas Jenderal Soedirman MNC Sekuritas kembali meresmikan Galeri Investasi Buana Perjuangan Karawang. https://t.co/5CXdq24pe8,1194949760131698688,,,in,,0,0,0,https://x.com/undefined/status/1194949760131698688,944180887171743745,,Negatif,
1168836106483167232,Tue Sep 03 10:40:18 +0000 2019,3,MNC Peduli membuka pendaftaran operasi bibir sumbing gratis. Lokasi pendaftaran: JAWA BARAT RS Mandaya Karawang RS Rama Hadi Purwakarta RS TMC Tasikmalaya JAMBI Rumah Sakit Baiturrahim Hubungi: 021-3909103 #MNCPeduli #Pedulisesama #operasibibirsumbing https://t.co/SnvWoBL6gk,1168836106483167232,https://pbs.twimg.com/media/EDiI98rUcAAM0eP.jpg,,in,,0,1,3,https://x.com/undefined/status/1168836106483167232,846990755017232384,,Promosi,gratis
1168294447085260800,Sun Sep 01 22:56:24 +0000 2019,0,@ryanhrnw Mohon maaf yah kak utk Karawang belum menjadi cakupan jaringan MNC play. Tks [tb],1168296577317785601,,xxploxion,in,,0,0,0,https://x.com/undefined/status/1168296577317785601,1600172264,,Negatif,
1168294447085260800,Sun Sep 01 22:55:57 +0000 2019,0,@ryanhrnw Hai Kak Ryan Mohon maaf dapat diinfokan saat ini untuk wilayah karawang blm menjadi cakupan jaringan MNC Play. Dapat diinfokan pula bahwa layanan MNC Play baru tercover diwilayah Jakarta Surabaya Bandung Malang Medan dan Semarang. #1,1168296462477692929,,xxploxion,in,,0,0,0,https://x.com/undefined/status/1168296462477692929,1600172264,,Negatif,
1161100440462905344,Tue Aug 13 02:21:31 +0000 2019,0,Biaya Pasang baru MNC Vision di Karawang https://t.co/aLMZVglnQP,1161100440462905344,,,in,,0,0,0,https://x.com/undefined/status/1161100440462905344,800115234,,Negatif,
1158857739898183681,Tue Aug 06 21:49:50 +0000 2019,0,Biaya Pasang MNC Vision di Karawang https://t.co/QaTvFQO29r,1158857739898183681,,,in,,0,0,0,https://x.com/undefined/status/1158857739898183681,800115234,,Negatif,
1150727960820928513,Mon Jul 15 11:25:00 +0000 2019,0,Langganan MNC Vision di Karawang https://t.co/UC2vcDihQm,1150727960820928513,,,in,,0,0,0,https://x.com/undefined/status/1150727960820928513,800115234,,Negatif,
1144480197321691136,Fri Jun 28 05:38:37 +0000 2019,0,Berapa pasang MNC Vision di Karawang https://t.co/63sDKWMRr9,1144480197321691136,,,in,,0,0,0,https://x.com/undefined/status/1144480197321691136,800115234,,Negatif,
1133553546371244033,Wed May 29 02:00:00 +0000 2019,0,MNC Peduli gelar operasi bibir sumbing gratis di Karawang Jawa Barat. Ada 5 orang pasien yang menjalani pemeriksaan. Direktur RS Mandaya Karawang dr. Tuan Juniar Situmorang M.Kes mengatakan semoga penderita bibir sumbing dapat terbantu. #MNCPeduli #MNCGroup #Bibirsumbing https://t.co/LgYY56MrDX,1133553546371244033,https://pbs.twimg.com/ext_tw_video_thumb/1133224300536709121/pu/img/3KnInVWBVBQfPHeZ.jpg,,in,,0,1,0,https://x.com/undefined/status/1133553546371244033,846990755017232384,,Promosi,gratis
1117976603034710016,Tue Apr 16 03:33:36 +0000 2019,0,@CrotoneIsHere Selamat Pagi Kak :) Mohon maaf dapat diinfokan saat ini untuk wilayah Karawang blm menjadi cakupan jaringan MNC Play. Dapat diinfokan pula bahwa layanan MNC Play baru tercover diwilayah Jakarta Surabaya Bandung Malang Medan dan Semarang. #1,1117994422132568064,,yukiXinter,in,,0,1,0,https://x.com/undefined/status/1117994422132568064,1600172264,,Negatif,
1102477313437040640,Tue Mar 05 02:14:11 +0000 2019,0,@jurigpako Hai kak :) Terima kasih atas ketertarikannya terhadap layanan MNC Play.Saat ini untuk area Karawang masih belum tercakup layanan MNC Play dan estimasi waktu pengaktifan area akan diinformasikan kembali dengan rekan marketing kami ya kak :) ~ Tks [hw],1102754147743354881,,jurigpako,in,,0,0,0,https://x.com/undefined/status/1102754147743354881,1600172264,,Negatif,
1102477313437040640,Mon Mar 04 23:06:44 +0000 2019,0,@MNCPlayID Min mnc play sudah masuk karawang belum..?,1102706972615335939,,MNCPlayID,in,,0,1,0,https://x.com/undefined/status/1102706972615335939,114683762,,Negatif,
1092417996654403584,Mon Feb 04 13:42:01 +0000 2019,0,GADAI BPKB MOBIL MNC Express SAKU (Solusi Anda Kredit Multiguna) di KARAWANG Hub. 08119918811 https://t.co/ROcfmp25iM via @Terima Gadai BPKB,1092417996654403584,,,in,,0,0,0,https://x.com/undefined/status/1092417996654403584,1089112878123122690,,Negatif,
1092401156402237440,Mon Feb 04 12:35:06 +0000 2019,0,Gadai Bpkb Mobil truk Pik-up MNC Express SAKU (Solusi Anda Kredit Multiguna) di KARAWANG Hub. 08119918811 https://t.co/ROcfmp25iM via @Terima Gadai BPKB,1092401156402237440,,,in,,0,0,0,https://x.com/undefined/status/1092401156402237440,1089112878123122690,,Negatif,
1092400794064760833,Mon Feb 04 12:33:39 +0000 2019,0,MNC Express SAKU (Solusi Anda Kredit Multiguna) di KARAWANG Hub. 08119918811 https://t.co/ROcfmp25iM via @Terima Gadai BPKB,1092400794064760833,,,in,,0,0,0,https://x.com/undefined/status/1092400794064760833,1089112878123122690,,Negatif,
1077901203172843520,Wed Dec 26 12:17:27 +0000 2018,0,Min @official_MNCTV knapa saluran MNC di karawang bures tidak jernih dan bikin puyeng mata?,1077901203172843520,,,in,,0,0,0,https://x.com/undefined/status/1077901203172843520,3408987389,,Negatif,
1073533055539777537,Fri Dec 14 14:13:51 +0000 2018,0,@MNCPlayID Apakah wilayah karawang sudah tercover mnc play???,1073581841322455045,,MNCPlayID,in,,0,2,0,https://x.com/undefined/status/1073581841322455045,114683762,,Negatif,
1067641195487248386,Wed Nov 28 04:47:51 +0000 2018,0,Kesempatan Berkarir di MNC VISION (INDOVISION) Cabang Indramayu Cirebon dan Karawang DATANG LANGSUNG INTERVIEW MULAI TANGGAL 21 November 2018 PUKUL 09.00 WIB (sampai dengan kuota https://t.co/VU7d52iVyt,1067641195487248386,,,in,,0,0,0,https://x.com/undefined/status/1067641195487248386,375425873,,Negatif,
1059297297001930752,Mon Nov 05 04:12:11 +0000 2018,0,Hai adavyang tau nggak...? Mengapa pesawat Lion Air yang nahas di Perairan Karawang itu Kalau di TV One di sebut Lion JT 610 tapi ditelevisi yang lain kayak Kompas Metro dan MNC Group di sebut Lion PK-LQP. ANTV juga JT 610 ada yang bisa jawab...?,1059297297001930752,,,in,,0,0,0,https://x.com/undefined/status/1059297297001930752,999157601936883712,,Negatif,
1057798885362388992,Thu Nov 01 00:58:01 +0000 2018,2,#BreakingNEWS - Suara Irfan Tanjung wartawan MNC Media langsung dari Karawang. Stay tuned in 104.6 FM now! https://t.co/geZFg1J9qW,1057798885362388992,https://pbs.twimg.com/ext_tw_video_thumb/1057798852936294400/pu/img/OnKZz45LmugYFgEU.jpg,,in,,0,0,2,https://x.com/undefined/status/1057798885362388992,88593647,,Negatif,
1056797415200632833,Mon Oct 29 06:38:32 +0000 2018,0,MNC Trijaya » Ini Daftar Nama-Nama Korban Pesawat Lion Air JT-610 yang Jatuh di Tanjung Karawang https://t.co/3wWpuNltu3,1056797415200632833,,,in,,0,0,0,https://x.com/undefined/status/1056797415200632833,162209448,,Negatif,
1056778799386374144,Mon Oct 29 05:24:34 +0000 2018,0,MNC Trijaya 104 6 FM » Ini Rute Perjalanan Lion Air JT 610 Sebelum Jatuh di Perairan Karawang https://t.co/ZoH1SYCSSJ,1056778799386374144,,,in,,0,0,0,https://x.com/undefined/status/1056778799386374144,162209448,,Negatif,
1055992922749849600,Sat Oct 27 01:21:46 +0000 2018,0,Lagi nonton rasa sayange di mnc tv kebetulan chef nya lagi masak pepes jambal balado karawang. Salah satu masakan jagoan papi. Dari bahan-bahan yang dipake sama step masak yang dilakuin sama chef nya selalu dikomen sama Papi saking seringnya doi masak itu di rumah wkwkw,1055992922749849600,,,in,,0,0,0,https://x.com/undefined/status/1055992922749849600,77699391,,Negatif,lag
1051801168983117824,Mon Oct 15 11:45:14 +0000 2018,0,MNC Peduli Gelar Operasi Bibir Sumbing di Karawang #MNCPeduli https://t.co/MqVq2bCAFW,1051801168983117824,,,in,,0,0,0,https://x.com/undefined/status/1051801168983117824,846990755017232384,,Negatif,
1051798444644290561,Mon Oct 15 11:34:25 +0000 2018,0,MNC Peduli Gelar Operasi Bibir Sumbing di Karawang #MNCPeduli https://t.co/MqVq2bCAFW,1051798444644290561,,,in,,0,0,0,https://x.com/undefined/status/1051798444644290561,846990755017232384,,Negatif,
1044238372133167105,Mon Sep 24 14:53:23 +0000 2018,0,Min ko MNC di daerah karawang Jelek @Official_MNCTV loba sireuman,1044238372133167105,,,in,,0,0,0,https://x.com/undefined/status/1044238372133167105,202958958,,Negatif,jelek
1035387199251001345,Fri Aug 31 04:41:59 +0000 2018,2,Bupati Karawang Terima Penghargaan Kepala Daerah Terbaik Kategori Lingkungan Hidup Makassar - Bupati Karawang dr. hj. Cellica Nurrachadiana mendapat penghargaan kategori lingkungan hidup dari MNC group.... https://t.co/2Paob7f8jV,1035387199251001345,,,in,,0,1,0,https://x.com/undefined/status/1035387199251001345,854891662065016833,,Positif,terbaik
1023915842021470208,Mon Jul 30 12:58:54 +0000 2018,0,@rendrasoedjono minta di absen bos. Dari Bonjovi MNC Sky Vision KPP karawang. Semoga Persib Menang....,1023915842021470208,,rendrasoedjono,in,,0,0,0,https://x.com/undefined/status/1023915842021470208,2352664272,,Negatif,
1023854518939701249,Mon Jul 30 08:55:14 +0000 2018,0,Ini dia jadwal Meet &amp; Greet film Rompis selanjutnya! JAKARTA BOGOR KARAWANG siap-siap ketemu Roman Wulan Sam dan Meira! Catat tanggal tempat dan jamnya yaa Rompis Lovers! #filmrompis #rompisthemovie #filmromanpicisan #mnc_pictures #mncp_movie #filmindonesia https://t.co/v9iKKds1X5,1023854518939701249,https://pbs.twimg.com/media/DjV2P19VsAAD2-m.jpg,,in,,1,0,0,https://x.com/undefined/status/1023854518939701249,42367455,,Negatif,
1021965495954747393,Wed Jul 25 03:48:56 +0000 2018,0,Regrann from bcc_karawang - Sedang berlangsung kegiatan campus recruitment PT. MNC VISION Tbk. Di kampus BSI Karawang Kegiatan berlangsung sampai dengan pukul 13.00 https://t.co/RjRHEa4J1W,1021965495954747393,,,in,,0,0,0,https://x.com/undefined/status/1021965495954747393,585775303,,Negatif,
1021579656787582976,Tue Jul 24 02:15:44 +0000 2018,0,Regrann from bcc_karawang - Selamat pagi #sobatbsi Kami akan menyelenggarakan Career Recruitment nih dengan PT. MNC VISION Tbk. Daftarkan dirimu segera ‼️ Raih dan dapatkan kesempatan https://t.co/cpW422xjx7,1021579656787582976,,,in,,0,0,0,https://x.com/undefined/status/1021579656787582976,585775303,,Negatif,
1021387139882180608,Mon Jul 23 13:30:45 +0000 2018,0,@null MNC Peduli Gelar Operasi Bibir Sumbing di Karawang Bakti sosial yang diperuntukk https://t.co/4ULiQEhlHA,1021387139882180608,,,in,,0,0,0,https://x.com/undefined/status/1021387139882180608,1366355490,,Negatif,
1021387049583067136,Mon Jul 23 13:30:23 +0000 2018,0,@null MNC Peduli Gelar Operasi Bibir Sumbing di Karawang Bakti sosial yang diperuntukk https://t.co/y519H3VqC8,1021387049583067136,,,in,,0,0,0,https://x.com/undefined/status/1021387049583067136,1160173274,,Negatif,
1021356288280674304,Mon Jul 23 11:28:09 +0000 2018,0,MNC Peduli Gelar Operasi Bibir Sumbing di Karawang https://t.co/CLc14tXfeY https://t.co/AZWRtVqAmI,1021356288280674304,https://pbs.twimg.com/media/DiyWINyVAAExhVO.jpg,,in,,0,0,0,https://x.com/undefined/status/1021356288280674304,543264218,,Negatif,
1021349215165767680,Mon Jul 23 11:00:03 +0000 2018,0,MNC Peduli Gelar Operasi Bibir Sumbing di Karawang https://t.co/LzRPThso1k,1021349215165767680,,,in,,0,0,0,https://x.com/undefined/status/1021349215165767680,509946051,,Negatif,
1021076039777234944,Sun Jul 22 16:54:33 +0000 2018,0,@MNCPlayID min..pasang mnc play utk wilayah karawang..sudah ada?,1021076039777234944,,MNCPlayID,in,,0,1,0,https://x.com/undefined/status/1021076039777234944,856339530315554816,,Negatif,
1013003301107916800,Sat Jun 30 10:16:22 +0000 2018,0,Telah berlangsung penandatanganan kerjasama antara AMIK BSI Karawang dgn PT. MNC Vision Tbk pada Jumat 29 Juni 2018 #bsikarawang #amikbsikarawang #bcckarawang #bsikarir #bsikarircenter #kampuskarawang #kuliahbsiaja #bsicareercenter https://t.co/yp66shlyQ7,1013003301107916800,https://pbs.twimg.com/media/Dg7pHdvVQAAa0TU.jpg,,in,,0,0,0,https://x.com/undefined/status/1013003301107916800,585775303,,Negatif,
975345328432979969,Sun Mar 18 12:17:01 +0000 2018,0,Road to kilau raya MNC lagi di lapangan Galuh mas Karawang Deket rumah ,975345328432979969,,,in,,0,1,0,https://x.com/undefined/status/975345328432979969,80562119,,Negatif,lag
970660141279338496,Mon Mar 05 13:59:46 +0000 2018,1,MNC Finance Karawang Super Kejam Unit Sudah Lunas BPKB Ditahan Karena Denda via @@SidakNews https://t.co/PlLaMvrl6C,970660141279338496,,,in,,0,0,0,https://x.com/undefined/status/970660141279338496,1480234626,,Negatif,
936194571456966656,Thu Nov 30 11:25:54 +0000 2017,0,https://t.co/XE2cTVuSkW Beri Asuransi ke Anggota Koperasi Tomiko Karawang Gandeng MNC Life MNC Life sebagai perusahaan asuransi jiwa di ba ,936194571456966656,,,in,,0,0,0,https://x.com/undefined/status/936194571456966656,917428391078281216,,Negatif,
935762195052457984,Wed Nov 29 06:47:47 +0000 2017,0,MNC Life Teken Kerja Sama dengan Konsorsium Koperasi Karawang https://t.co/9G8CMM1APh,935762195052457984,,,in,,0,0,0,https://x.com/undefined/status/935762195052457984,3232429010,,Negatif,
935757548296294402,Wed Nov 29 06:29:19 +0000 2017,0,Dengan Hario Siaga MNC Life Jamin Asuransi Anggota Konsorsium Koperasi Karawang https://t.co/RsVii8H20r,935757548296294402,,,in,,0,0,0,https://x.com/undefined/status/935757548296294402,47274731,,Negatif,
935750236718419968,Wed Nov 29 06:00:16 +0000 2017,0,MNC Life Teken Kerja Sama dengan Konsorsium Koperasi Karawang https://t.co/9xw6V7eyzY,935750236718419968,,,in,,0,0,0,https://x.com/undefined/status/935750236718419968,231355136,,Negatif,
935561771208687618,Tue Nov 28 17:31:22 +0000 2017,0,MNC Life Lindungi 75.000 Anggota Konsorsium Koperasi Tomiko Karawang https://t.co/MaQmEaAuSv,935561771208687618,,,in,,0,0,0,https://x.com/undefined/status/935561771208687618,740152800,,Negatif,
935534765440229376,Tue Nov 28 15:44:04 +0000 2017,0,MNC Life Lindungi 75.000 Anggota Konsorsium Koperasi Tomiko Karawang https://t.co/Onec8tYDM2,935534765440229376,,,in,,0,0,0,https://x.com/undefined/status/935534765440229376,3232429010,,Negatif,
935526359455162369,Tue Nov 28 15:10:39 +0000 2017,0,https://t.co/18q5w1w4Qa : MNC Life Lindungi 75.000 Anggota Konsorsium Koperasi Tomiko Karawang https://t.co/tZuzAW91yI,935526359455162369,,,in,,0,0,0,https://x.com/undefined/status/935526359455162369,84611533,,Negatif,
935524297988288513,Tue Nov 28 15:02:28 +0000 2017,0,09 okezonenews MNC Life Lindungi 75.000 Anggota Konsorsium Koperasi Tomiko Karawang https://t.co/fKA0LeYooW,935524297988288513,,,in,,0,0,0,https://x.com/undefined/status/935524297988288513,846715204637376513,,Negatif,
935523950871773184,Tue Nov 28 15:01:05 +0000 2017,0,MNC Life Lindungi 75.000 Anggota Konsorsium Koperasi Tomiko Karawang https://t.co/YIUX4wKg5t,935523950871773184,,,in,,0,0,0,https://x.com/undefined/status/935523950871773184,47274731,,Negatif,
935523689906368512,Tue Nov 28 15:00:03 +0000 2017,0,MNC Life Lindungi 75.000 Anggota Konsorsium Koperasi Tomiko Karawang https://t.co/8DKqVYtVdv,935523689906368512,,,in,,0,0,0,https://x.com/undefined/status/935523689906368512,773069968531271680,,Negatif,
935516138804461568,Tue Nov 28 14:30:03 +0000 2017,0,MNC Life Lindungi 75.000 Anggota Konsorsium Koperasi Tomiko Karawang https://t.co/SvAGdjWuk7,935516138804461568,,,in,,0,0,0,https://x.com/undefined/status/935516138804461568,231355136,,Negatif,
935516135721648128,Tue Nov 28 14:30:02 +0000 2017,0,MNC Life Lindungi 75.000 Anggota Konsorsium Koperasi Tomiko Karawang https://t.co/OdFuxS7DWO,935516135721648128,,,in,,0,0,0,https://x.com/undefined/status/935516135721648128,509946051,,Negatif,
934942505535229953,Mon Nov 27 00:30:38 +0000 2017,0,okezonenews MNC Life Lindungi Anggota Konsorsium Koperasi Tomiko di Karawang https://t.co/Jcz5xhP56k,934942505535229953,,,in,,0,0,0,https://x.com/undefined/status/934942505535229953,846307039794028545,,Negatif,
934940932205559808,Mon Nov 27 00:24:23 +0000 2017,1,MNC Life Lindungi Anggota Konsorsium Koperasi Tomiko di Karawang https://t.co/YJGHvQsBlu,934940932205559808,,,in,,1,0,0,https://x.com/undefined/status/934940932205559808,47274731,,Negatif,
934683929487069184,Sun Nov 26 07:23:09 +0000 2017,0,MNC Life Lindungi Anggota Konsorsium Koperasi Tomiko di Karawang https://t.co/VDFSaFotkn,934683929487069184,,,in,,0,0,0,https://x.com/undefined/status/934683929487069184,3232429010,,Negatif,
934673111571509248,Sun Nov 26 06:40:09 +0000 2017,0,MNC Life Lindungi Anggota Konsorsium Koperasi Tomiko di Karawang https://t.co/7ghCaIeyXx,934673111571509248,,,in,,0,0,0,https://x.com/undefined/status/934673111571509248,231355136,,Negatif,
906470068615352320,Sat Sep 09 10:51:20 +0000 2017,0,okezonenews Pasarkan Hario Siaga MNC Life Gandeng Konsorsium Koperasi di Karawang https://t.co/R8NrJNTVn1 https://t.co/d5uSF0eACM,906470068615352320,https://pbs.twimg.com/media/DJRtcHDVwAAFM3r.jpg,,in,,0,0,0,https://x.com/undefined/status/906470068615352320,846307039794028545,,Negatif,
906469757930553345,Sat Sep 09 10:50:06 +0000 2017,0,Pasarkan Hario Siaga MNC Life Gandeng Konsorsium Koperasi di Karawang https://t.co/2exnMhiRkX https://t.co/eNLtgrtRaY,906469757930553345,https://pbs.twimg.com/media/DJRtcHDVwAAFM3r.jpg,,in,,0,0,0,https://x.com/undefined/status/906469757930553345,47274731,,Negatif,
906468244378107904,Sat Sep 09 10:44:05 +0000 2017,0,Mantap! MNC Life Targetkan Penjualan 72.000 Voucher Hario Siaga dari Karawang https://t.co/dRd9HscGDJ https://t.co/EL81kwOn9Q,906468244378107904,https://pbs.twimg.com/media/DJRsEEUVwAU54vp.jpg,,in,,0,0,0,https://x.com/undefined/status/906468244378107904,769210146312511488,,Positif,mantap
906467431065030663,Sat Sep 09 10:40:51 +0000 2017,0,https://t.co/18q5w1w4Qa : Mantap! MNC Life Targetkan Penjualan 72.000 Voucher Hario Siaga dari https://t.co/Jr2Fid9RTc,906467431065030663,,,in,,0,0,0,https://x.com/undefined/status/906467431065030663,84611533,,Positif,mantap
906463735925100544,Sat Sep 09 10:26:10 +0000 2017,0,09 okezonenews Mantap! MNC Life Targetkan Penjualan 72.000 Voucher Hario Siaga dari Karawang https://t.co/qOpyomacb0,906463735925100544,https://pbs.twimg.com/media/DJRmkt_VoAE3gdk.jpg,,in,,0,0,0,https://x.com/undefined/status/906463735925100544,846715204637376513,,Positif,mantap
906462469044019200,Sat Sep 09 10:21:08 +0000 2017,0,okezonenews Mantap! MNC Life Targetkan Penjualan 72.000 Voucher Hario Siaga dari Karawang https://t.co/c20Ie0ZUo7 https://t.co/y8EOGRkJOW,906462469044019200,https://pbs.twimg.com/media/DJRmkt_VoAE3gdk.jpg,,in,,0,0,0,https://x.com/undefined/status/906462469044019200,846307039794028545,,Positif,mantap
906462211253473280,Sat Sep 09 10:20:07 +0000 2017,1,Mantap! MNC Life Targetkan Penjualan 72.000 Voucher Hario Siaga dari Karawang https://t.co/VPzoDUUkrE https://t.co/12u9TKTimN,906462211253473280,https://pbs.twimg.com/media/DJRmkt_VoAE3gdk.jpg,,in,,0,0,1,https://x.com/undefined/status/906462211253473280,47274731,,Positif,mantap
906461334107295744,Sat Sep 09 10:16:37 +0000 2017,0,09 okezonenews Kawasan Industri Karawang Kian Berkembang MNC Life Buka Peluang Bisnis Penunjang Produktivitas Ten https://t.co/9CpHj0FjNl,906461334107295744,,,in,,0,0,0,https://x.com/undefined/status/906461334107295744,846715204637376513,,Negatif,
906461047929765889,Sat Sep 09 10:15:29 +0000 2017,0,Kawasan Industri Karawang Kian Berkembang MNC Life Buka Peluang Bisnis Penunjang Produktivitas Tenaga Kerja https://t.co/wiNYTrLRHv https://t.co/J5G2quxcrI,906461047929765889,https://pbs.twimg.com/media/DJRlhHsUEAATw-e.jpg,,in,,0,0,0,https://x.com/undefined/status/906461047929765889,47274731,,Negatif,
902854965382733824,Wed Aug 30 11:26:12 +0000 2017,0,Signing Ceremony Pollux Properties dgn MNC Bank oleh Komisaris PT Pollux Technopolis Karawang Lanie Ananto &amp; Presdir MNC Bank @bennypurnomo https://t.co/UbchUoj8hq,902854965382733824,https://pbs.twimg.com/media/DIeTn8EVwAAyvgt.jpg,,in,,0,0,0,https://x.com/undefined/status/902854965382733824,2848323925,,Negatif,
902141981815648256,Mon Aug 28 12:13:04 +0000 2017,0,MNC Bank Dukung KPA Pollux Technopolis CBD Pertama di Karawang https://t.co/C6vgKlR0v8,902141981815648256,,,in,,0,0,0,https://x.com/undefined/status/902141981815648256,3232429010,,Negatif,
902136202542759937,Mon Aug 28 11:50:06 +0000 2017,0,MNC Bank Dukung KPA Pollux Technopolis CBD Pertama di Karawang https://t.co/piZLhPeTIF,902136202542759937,,,in,,0,0,0,https://x.com/undefined/status/902136202542759937,231355136,,Negatif,
885398687899308032,Thu Jul 13 07:21:11 +0000 2017,0,Pererat Silaturahmi SINDO dan MNC Media Kunjungi Pabrik Toyota di Karawang https://t.co/XUftZVN7uj https://t.co/BnFeid6b5s,885398687899308032,https://pbs.twimg.com/media/DEmRadqV0AAoHsy.jpg,,in,,0,0,0,https://x.com/undefined/status/885398687899308032,2727766597,,Negatif,
885358533230735361,Thu Jul 13 04:41:38 +0000 2017,0,Pererat silaturahmi SINDO dan MNC Media pagi ini Kamis (13/7) kunjungi pabrik @ToyotaID di Karawang. #SINDOvisitToyota https://t.co/qa7keBG6QJ,885358533230735361,https://pbs.twimg.com/media/DElsgi0VoAEmXjs.jpg,,in,,0,0,0,https://x.com/undefined/status/885358533230735361,509946051,,Negatif,
847385003465949187,Thu Mar 30 09:48:23 +0000 2017,2,CEO MNC GRoup sharing session di SMK texmaco karawang https://t.co/AxMk0LhgSY,847385003465949187,https://pbs.twimg.com/media/C8KEKzPV0AU5T0D.jpg,,in,,0,1,0,https://x.com/undefined/status/847385003465949187,87473758,,Negatif,
781442947896205312,Thu Sep 29 10:38:11 +0000 2016,0,regrann from @pr_bogor - Jangan lupa malam ini saksikan Rossa @mynameisrossa di MNC TV pukul https://t.co/N1cZjIlZUW,781442947896205312,,,in,,0,0,1,https://x.com/undefined/status/781442947896205312,4825293798,,Negatif,
763559789473390593,Thu Aug 11 04:00:18 +0000 2016,0,@tocamachiato191 Kantor MNC Bank terdekat dari Karawang. Kami tersedia di Jababeka Central Bisnis Cikarang Bapak. https://t.co/dKLLp4qbwt,763585808796229632,,tocamachiato191,in,,0,1,0,https://x.com/undefined/status/763585808796229632,2848323925,,Negatif,
728936762576273410,Sat May 07 13:17:21 +0000 2016,0,Mlm ini jam 21: 15 gemilang roadshow karawang di mnc tv,728936762576273410,,,in,,0,0,0,https://x.com/undefined/status/728936762576273410,725625651101720576,,Negatif,
728936313236267008,Sat May 07 13:15:34 +0000 2016,0,Gemilang roadshow karawang ada ka yati primadona @yati_queenna hanya di mnc tv jam 21:30,728936313236267008,,,in,,0,0,0,https://x.com/undefined/status/728936313236267008,725625651101720576,,Negatif,
728883973691047936,Sat May 07 09:47:35 +0000 2016,3,Gemilang Road Show Karawang MNC TV bersama @Naff_band https://t.co/Mj54hcEdH2,728883973691047936,https://pbs.twimg.com/media/Ch2EG3DUgAAh6Io.jpg,,in,,0,0,2,https://x.com/undefined/status/728883973691047936,56312991,,Negatif,
726639528895598592,Sun May 01 05:08:58 +0000 2016,0,Oleh2 sebelom live roadshow mnc tv karawang #vyanistypendawa @ puri https://t.co/69YBtjTaUT,726639528895598592,,,in,,0,0,0,https://x.com/undefined/status/726639528895598592,1910340829,,Negatif,
726462562141790208,Sat Apr 30 17:25:46 +0000 2016,3,tadi ! @volmax_official at Mnc Fest Karawang! https://t.co/YxyolaeGKp,726462562141790208,,,in,,0,0,2,https://x.com/undefined/status/726462562141790208,168792561,,Negatif,
726455346839969792,Sat Apr 30 16:57:06 +0000 2016,0,Kantor tadi.. #Ungu #VolMax Mnc Fest Karawang!! (with H I M A W A R I fauzi and 13 others) [pic] https://t.co/Rov7DhgM3M,726455346839969792,,,in,,0,0,0,https://x.com/undefined/status/726455346839969792,168792561,,Negatif,
726376168098656256,Sat Apr 30 11:42:28 +0000 2016,0,Makasih udah diputerin lagi di karawang juga nih acara MNC tv https://t.co/v3hhW3zAf4,726376168098656256,,,in,,0,0,0,https://x.com/undefined/status/726376168098656256,355049268,,Negatif,lag
726375765101666304,Sat Apr 30 11:40:52 +0000 2016,2,@Bila_DewiDewi #Mahadewi tonight !! gemilang road show 2016 MNC TV live dari kota Karawang pkl 21.15 WIB ,726375765101666304,,putribilanova,in,,0,0,1,https://x.com/undefined/status/726375765101666304,3636142454,,Negatif,
726360041360527360,Sat Apr 30 10:38:23 +0000 2016,0,malam ini di MNC Fest Karawang ! ada Ungu ada VolMax juga.. stay (w/ H I M A W A R I fauzi &amp; 14 others) [pic] https://t.co/WSINT6Koiv,726360041360527360,,,in,,0,0,1,https://x.com/undefined/status/726360041360527360,168792561,,Negatif,
726353458924638208,Sat Apr 30 10:12:14 +0000 2016,0,MNC TV malam ini bawa banyak artis untuk menghibur warga Karawang di Lapangan Galuh Mas,726353458924638208,,,in,,0,0,0,https://x.com/undefined/status/726353458924638208,434099650,,Negatif,
726339938958999552,Sat Apr 30 09:18:30 +0000 2016,0,Malam ini live dari MNC TV ️ @ Karawang JawaBarat https://t.co/4rBfPgYWUM,726339938958999552,,,in,,0,0,0,https://x.com/undefined/status/726339938958999552,1722557598,,Negatif,
726272919504986113,Sat Apr 30 04:52:12 +0000 2016,4,Siap siap ke karawang untuk gemilang MNC TV nanti malam @Official_MNCTV https://t.co/GxPnWKa0xI,726272919504986113,https://pbs.twimg.com/ext_tw_video_thumb/726272803918368768/pu/img/vemvNwBiKP6b5qA3.jpg,,in,,0,0,2,https://x.com/undefined/status/726272919504986113,1105261424,,Negatif,
726240518217191424,Sat Apr 30 02:43:27 +0000 2016,0,Soundchek ungu mnc fest (at Karawang) https://t.co/vekkn8Trms,726240518217191424,,,in,,0,0,0,https://x.com/undefined/status/726240518217191424,198030530,,Negatif,
725536859300966400,Thu Apr 28 04:07:21 +0000 2016,0,H-2 Gemilang RoadShow MNC TV!! Saksikan keseruannya di sircuit test drive Galuh Mas Karawang https://t.co/b0OgnkVykz,725536859300966400,,,in,,0,0,1,https://x.com/undefined/status/725536859300966400,961685858,,Negatif,
724443542412759041,Mon Apr 25 03:42:54 +0000 2016,0,Pagi menuju siang Karawang! 5 hari menuju Gemilang Road Show MNC TV Sabtu 30 April 2016 di test drive... https://t.co/lkIukv6khL,724443542412759041,,,in,,0,0,0,https://x.com/undefined/status/724443542412759041,2918288635,,Negatif,
722331641801220096,Tue Apr 19 07:50:58 +0000 2016,0,Siang Karawang! Saksikan Tolak Angin Gemilang Road Show MNC TV Sabtu 30 April 2016 di test drive (sirkuit)... https://t.co/LhL1C1a7YK,722331641801220096,,,in,,0,1,1,https://x.com/undefined/status/722331641801220096,2918288635,,Negatif,
720942674065301504,Fri Apr 15 11:51:42 +0000 2016,0,@MNCPlayMedia Selamat malam pak/ibu .. saya ingin menanyakan apakah di karawang mnc play bisa di pasang ? Trimaksih,720942674065301504,,MNCPlayID,in,,0,1,0,https://x.com/undefined/status/720942674065301504,403953618,,Negatif,
719442567176302592,Mon Apr 11 08:30:49 +0000 2016,0,Siang Karawang! Saksikan Gemilang Road Show MNC TV Sabtu 30 April 2016 di test drive (sirkuit) Galuh Mas... https://t.co/JrIn10L42F,719442567176302592,,,in,,0,0,0,https://x.com/undefined/status/719442567176302592,2918288635,,Negatif,
699899033431609345,Wed Feb 17 10:11:47 +0000 2016,0,Ngopi sore dipersembahakan oleh bos karawang. (w/ Ve Febrina &amp; Bayu at Kapal Api Coffee Corner MNC Tower) [pic] https://t.co/OQ5I0bCvpu,699899033431609345,,,in,,0,0,0,https://x.com/undefined/status/699899033431609345,277850016,,Negatif,
686767635141242881,Tue Jan 12 04:32:18 +0000 2016,0,Group &amp; Economy Update by CEO MNC Group Bapak Harry Tanoesoedibjo. (at MNC SKY VISION KPP KARAWANG) [pic] https://t.co/l71pQwEVgd,686767635141242881,,,in,,0,0,0,https://x.com/undefined/status/686767635141242881,67892268,,Negatif,
680095544048418816,Thu Dec 24 18:39:47 +0000 2015,0,Plant Controller - KARAWANG - MNC Company - Michael Page: Rp16 000k - Rp28 000k N/A thn peng... https://t.co/NZYgFHTPqn #akunting #loker,680095544048418816,,,in,,0,0,0,https://x.com/undefined/status/680095544048418816,2566490466,,Negatif,
677436292481855488,Thu Dec 17 10:32:52 +0000 2015,0,RT lokertweet Plant Controller - KARAWANG - MNC Company - Michael Page: Rp16 000k - Rp28 https://t.co/Ucw7IQeHK1 #loker_accounting,677436292481855488,,,in,,0,0,0,https://x.com/undefined/status/677436292481855488,3183993768,,Negatif,
677436035740082177,Thu Dec 17 10:31:51 +0000 2015,0,Plant Controller - KARAWANG - MNC Company - Michael Page: Rp16 000k - Rp28 https://t.co/Xxtv4cCJkk #loker_accounting,677436035740082177,,,in,,0,0,0,https://x.com/undefined/status/677436035740082177,145645549,,Negatif,
664074558320717824,Tue Nov 10 13:38:07 +0000 2015,0,#PahlawanIndonesia ada 9 kategori @Pahlawan_MNC Karawang,664074558320717824,,,in,,0,0,0,https://x.com/undefined/status/664074558320717824,98537153,,Negatif,
664072667750727681,Tue Nov 10 13:30:36 +0000 2015,0,@Pahlawan_MNC 10 #PahlawanIndonesia KARAWANG,664072667750727681,,Pahlawan_MNC,in,,0,0,0,https://x.com/undefined/status/664072667750727681,1523940026,,Negatif,
471195351689334784,Tue May 27 07:45:00 +0000 2014,0,[Karawang] Walk in interview PT MNC SKY VISION KPP KARAWANG http://t.co/PhQWNe5t7J cc: @FNFkaskus,471195351689334784,,,in,,0,0,0,https://x.com/undefined/status/471195351689334784,415220012,,Negatif,
471195329082036224,Tue May 27 07:44:55 +0000 2014,0,[Karawang] Walk in interview PT MNC SKY VISION KPP KARAWANG http://t.co/fJquBI5q5A cc: @FNFkaskus,471195329082036224,,,in,,0,0,0,https://x.com/undefined/status/471195329082036224,1364082710,,Negatif,
469839279368073217,Fri May 23 13:56:28 +0000 2014,1,Besok !! Lawan Sriwijaya FC ll Buat Viola Dan Violanita Yang Ngga Bisa Datang Ke Karawang Tenang ! Live On MNC Tv Ko ll Kick Off 15:30 Wib,469839279368073217,,,in,,0,0,10,https://x.com/undefined/status/469839279368073217,460428733,,Negatif,
469830599847329792,Fri May 23 13:21:58 +0000 2014,0,Next #MatchSFC: Sabtu (24/05) Persita vs SRIWIJAYA FC Pukul 15:30 wib di Std. Singaperbangsa Karawang. (Live MNC TV),469830599847329792,,,in,,0,0,0,https://x.com/undefined/status/469830599847329792,2390466522,,Negatif,
469628434139074560,Thu May 22 23:58:38 +0000 2014,0,''@InfoSriwijayaFC Next #MatchSFC: Sabtu (24/05) Persita vs SRIWIJAYA FC Pukul 15:30 wib di Std. Singaperbangsa Karawang. (Live MNC TV),469628434139074560,,,in,,0,0,0,https://x.com/undefined/status/469628434139074560,1550131285,,Negatif,
441542420321153024,Thu Mar 06 11:54:51 +0000 2014,0,Ada Dyla askara @MNC TV . .dukung ya orang karawang,441542420321153024,,,in,,0,0,0,https://x.com/undefined/status/441542420321153024,148180967,,Negatif,
439291097173348352,Fri Feb 28 06:48:53 +0000 2014,1,Ayo kita ramaikan acar besok karna akan diliput oleh MNC TV dan Pasundan Expres biru mudakan karawang dak !!,439291097173348352,,,in,,0,0,1,https://x.com/undefined/status/439291097173348352,1480355269,,Negatif,
433862700306022400,Thu Feb 13 07:18:23 +0000 2014,0,Persita vs Arema Live at Singaperbangsa Karawang Stadium...Today 15.30 WIB Live on MNC TV #Arema http://t.co/tI6yqHu8Oz,433862700306022400,,,in,,0,0,0,https://x.com/undefined/status/433862700306022400,83812235,,Negatif,
433812779548823552,Thu Feb 13 04:00:01 +0000 2014,0,Jadwal ISL Hari Ini Grup Barat: PERSITA - AREMA CRONUS Singaperbangsa Karawang. Pukul 15.30 WIB Live - MNC TV... http://t.co/kxb7pxIduc,433812779548823552,,,in,,0,0,0,https://x.com/undefined/status/433812779548823552,601182487,,Negatif,
433791149187141633,Thu Feb 13 02:34:04 +0000 2014,0,#AremaDay #AwayDays Kamis 13 Februari 2014 Persita Tanggerang Vs AREMA | at Singaperbangsa Karawang | Live MNC TV Kick Off 15:30 WBA,433791149187141633,,,in,,0,2,11,https://x.com/undefined/status/433791149187141633,505500290,,Negatif,
433783060308721665,Thu Feb 13 02:01:55 +0000 2014,0,#AremaDay #AwayDay Persita vs Arema. Live 15.30 WIB MNC TV/Global TV. Std Singaperbangsa Karawang #ISL «BOAstore»,433783060308721665,,,in,,0,0,1,https://x.com/undefined/status/433783060308721665,987169669,,Negatif,
433762660815876096,Thu Feb 13 00:40:51 +0000 2014,0,1953 ! @infosuporter: Jadwal hari ini Persita vs Arema. Live 15.30 WIB MNC TV dr Std Singaperbangsa Karawang ,433762660815876096,,,in,,0,0,0,https://x.com/undefined/status/433762660815876096,255598068,,Negatif,
433762579005992960,Thu Feb 13 00:40:32 +0000 2014,0,Katanya stadion ga layak -__- RT @infosuporter Jadwal hari ini Persita vs Arema. Live 15.30 WIB MNC TV dr Std Singaperbangsa Karawang,433762579005992960,,,in,,0,0,0,https://x.com/undefined/status/433762579005992960,357669907,,Negatif,
433761214766653440,Thu Feb 13 00:35:07 +0000 2014,0,RT @infosuporter: Jadwal hari ini Persita vs Arema. Live 15.30 WIB MNC TV dr Std Singaperbangsa Karawang ,433761214766653440,,,in,,0,0,0,https://x.com/undefined/status/433761214766653440,414481812,,Negatif,
433761109716107264,Thu Feb 13 00:34:42 +0000 2014,0,Yang nonton P-Man :) RT @infosuporter: Jadwal hari ini Persita vs Arema. Live 15.30 WIB MNC TV dr Std Singaperbangsa Karawang,433761109716107264,,,in,,0,0,0,https://x.com/undefined/status/433761109716107264,575193904,,Negatif,
433760090105970688,Thu Feb 13 00:30:39 +0000 2014,0,#AremaDay #AwayDay Persita vs Arema. Live 15.30 WIB MNC TV/Global TV. Std Singaperbangsa Karawang #ISL,433760090105970688,,,in,,0,5,6,https://x.com/undefined/status/433760090105970688,748548594,,Negatif,
433747541763440641,Wed Feb 12 23:40:47 +0000 2014,0,HARI INI. Sepakbola ISL: Persita Tangerang vs Arema Cronous. 13 Feb'14 Std Singaperbangsa Karawang 15:30. LIVE di MNC TV,433747541763440641,,,in,,0,0,0,https://x.com/undefined/status/433747541763440641,2302371544,,Negatif,
433737121078079488,Wed Feb 12 22:59:22 +0000 2014,0,#ISL | Kamis 13 Februari 2014 | Persita vs Arema Cronus | Stadion Singaperbangsa Karawang | Pkl 15.00 - Live MNC TV,433737121078079488,,,in,,0,0,3,https://x.com/undefined/status/433737121078079488,2226467540,,Negatif,
433572617283309568,Wed Feb 12 12:05:42 +0000 2014,0,dont Forget persita vs Arema KAMIS 13 FEB 2014 At stadium Singaperbangsa Karawang.live mnc tv.kick off 15.30 Wba http://t.co/hxNKEV7GpW,433572617283309568,https://pbs.twimg.com/media/BgRb_44CEAEV9mf.jpg,,in,,0,0,6,https://x.com/undefined/status/433572617283309568,367581707,,Negatif,
433401917398843392,Wed Feb 12 00:47:23 +0000 2014,0,Persita v Arema Cronus(13/2/14) Pkl.15.30 WIB live MNC TV Stadion Singaperbangsa-Karawang,433401917398843392,,,in,,0,0,0,https://x.com/undefined/status/433401917398843392,328486766,,Negatif,
432848431413854209,Mon Feb 10 12:08:02 +0000 2014,0,Baca »» RT @Oranje_Karawang: Laga tandang kedua Persija melawan Pelita bandung raya akan disiarkan langsung oleh MNC TV..,432848431413854209,,,in,,0,0,2,https://x.com/undefined/status/432848431413854209,452027306,,Negatif,lag
432727054975381504,Mon Feb 10 04:05:44 +0000 2014,0, @MaaLaa09: NEXT MATCH : Kamis 13 Februari 2014 Persita Tanggerang Vs AREMA at Singaperbangsa Karawang Live MNC TV Kick Off 15:30 WBA ,432727054975381504,,,in,,0,0,0,https://x.com/undefined/status/432727054975381504,422338128,,Negatif,
432713484103467008,Mon Feb 10 03:11:48 +0000 2014,0,NEXT MATCH : Kamis 13 Februari 2014 Persita Tanggerang Vs AREMA at Singaperbangsa Karawang Live MNC TV Kick Off 15:30 WBA ,432713484103467008,,,in,,0,0,0,https://x.com/undefined/status/432713484103467008,368848985,,Negatif,
432701246600785920,Mon Feb 10 02:23:11 +0000 2014,0,NEXT MATCH : Kamis 13 Februari 2014 Persita Tanggerang Vs AREMA | at Singaperbangsa Karawang | Live MNC TV Kick Off 15:30 WBA,432701246600785920,,,in,,0,0,15,https://x.com/undefined/status/432701246600785920,505500290,,Negatif,
420551549148868609,Tue Jan 07 14:10:54 +0000 2014,0,@monic_mnc sambut kami dengan antusiasme kalian ya. Iya TO-nya tanggal 26 Januari 2014 di SMAN 5 Karawang :) #B3M,420558162899369984,,moo_monay,in,,0,0,0,https://x.com/undefined/status/420558162899369984,1054432742,,Negatif,
420551549148868609,Tue Jan 07 14:04:26 +0000 2014,0,@NindraKirana @monic_mnc kami akan roadshow di SMAN 5 Karawang pada tanggal 21 Januari 2014. Silahkan ditunggu ya! :) #B3M,420556535735914496,,nindrakirana,in,,0,1,1,https://x.com/undefined/status/420556535735914496,1054432742,,Negatif,
419863355336052736,Sun Jan 05 16:09:59 +0000 2014,0,:3 RT @juragan_INTER: Seria A diambil alih oleh MNC tv khususnya Global TV ( Dari sumber yg sangat dipercaya :) ),419863355336052736,,,in,,0,0,0,https://x.com/undefined/status/419863355336052736,229791205,,Negatif,
419497750221160448,Sat Jan 04 15:57:12 +0000 2014,0,Loker Internal Auditor - Karawang (Jawa Barat) - MNC SKYVISION PT (INDOVISION) http://t.co/qs0ylHAXqn ,419497750221160448,,,in,,0,0,0,https://x.com/undefined/status/419497750221160448,2225223703,,Negatif,
419496692002463744,Sat Jan 04 15:52:59 +0000 2014,0,Internal Auditor - Karawang (Jawa Barat) - MNC SKYVISION PT (INDOVISION) http://t.co/2O8fjn6wtQ,419496692002463744,,,in,,0,0,0,https://x.com/undefined/status/419496692002463744,156897424,,Negatif,
419431059550257152,Sat Jan 04 11:32:11 +0000 2014,0,Internal Auditor - Karawang (Jawa Barat) - MNC SKYVISION PT (INDOVISION) http://t.co/d7JIXy8bWR #AccountingJob,419431059550257152,,,in,,0,0,0,https://x.com/undefined/status/419431059550257152,1424668141,,Negatif,
419428019845865472,Sat Jan 04 11:20:07 +0000 2014,0,Internal Auditor - Karawang (Jawa Barat) - MNC SKYVISION PT (INDOVISION): Tidak ditentukan 1 t... http://t.co/ri3BDdZigM via @JobFresh,419428019845865472,,,in,,0,0,0,https://x.com/undefined/status/419428019845865472,302225637,,Negatif,
419426981231345664,Sat Jan 04 11:15:59 +0000 2014,1,#LowonganKerja Internal Auditor - Karawang (Jawa Barat) - MNC SKYVISION PT (INDOVISION): Salary:... http://t.co/hIo19Tx7O8 | Accounting,419426981231345664,,,in,,0,0,0,https://x.com/undefined/status/419426981231345664,69550245,,Negatif,
419425569223102464,Sat Jan 04 11:10:22 +0000 2014,0,Internal Auditor - Karawang (Jawa Barat) - MNC SKYVISION PT (INDOVISION) http://t.co/3Y3jAoaKkw,419425569223102464,,,in,,0,0,0,https://x.com/undefined/status/419425569223102464,68908146,,Negatif,
419423922711715840,Sat Jan 04 11:03:50 +0000 2014,0,#lowongankerja Internal Auditor - Karawang (Jawa Barat) - MNC SKYVISION PT (INDOVISION) : Tidak ditentukan 1 ... http://t.co/R1mn7jdTWr,419423922711715840,,,in,,0,0,0,https://x.com/undefined/status/419423922711715840,961803708,,Negatif,
402000885502713856,Sun Nov 17 09:10:54 +0000 2013,0,Save Persebaya cok Bonek karawang RT @Green_Bohay1927: Modus tok pkok'e bahaya GreenForce_BGR: La opo mending deleng MNC RT @Green_Bohay1927,402000885502713856,,,in,,0,0,0,https://x.com/undefined/status/402000885502713856,1535937613,,Negatif,
402000412816859137,Sun Nov 17 09:09:01 +0000 2013,0,Liat Match Bola MNC TV di stadion Singaperbangsa Karawang jadi inget waktu Masih ada Pelita Jaya :'),402000412816859137,,,in,,0,0,0,https://x.com/undefined/status/402000412816859137,160843457,,Negatif,
401993936727986176,Sun Nov 17 08:43:17 +0000 2013,0,#SAVE_PERSEBAYA1927 by Bonek Karawang at MNC TV,401993936727986176,,,in,,0,0,0,https://x.com/undefined/status/401993936727986176,1535937613,,Negatif,
401728714074906625,Sat Nov 16 15:09:23 +0000 2013,0,FINAL DIVISI I 2013 PS KWARTA DELI SERDANG VS PERSINGA NGAWI LIVE MNC TV 14.30 WIB STD.SINGAPERBANGSA KARAWANG... http://t.co/XXMRPj4vmK,401728714074906625,,,in,,0,0,2,https://x.com/undefined/status/401728714074906625,505855385,,Negatif,
401714754646859778,Sat Nov 16 14:13:55 +0000 2013,0,:) @ligaamatir: Besok sore (17/11) pkl 15.30 di Std. Singaperbangsa Karawang final #Divisi1 2013: PS Kwarta v Persinga Ngawi Live MNC TV ,401714754646859778,,,in,,0,0,0,https://x.com/undefined/status/401714754646859778,1413133968,,Negatif,
401713902024540161,Sat Nov 16 14:10:32 +0000 2013,0,Besok sore (17/11) pkl 15.30 di Std. Singaperbangsa Karawang final #Divisi1 2013: PS Kwarta v Persinga Ngawi Live MNC TV,401713902024540161,,,in,,0,1,11,https://x.com/undefined/status/401713902024540161,1523738953,,Negatif,
401646980671098880,Sat Nov 16 09:44:37 +0000 2013,0,Final Divisi I LI XVIII: PS Kwarta Deli S v Persinga Ngawi Minggu (17/11) jam 14.30 WIB di Std. Singaperbangsa Karawang. Live MNC TV,401646980671098880,,,in,,0,1,1,https://x.com/undefined/status/401646980671098880,471033059,,Negatif,
401592013893545984,Sat Nov 16 06:06:11 +0000 2013,0,Grand Final Divisi I LI XVIII: PS Kwarta Deli S v Persinga Ngawi Minggu (17/11) jam 14.30 WIB di Std. Singaperbangsa Karawang. Live MNC TV,401592013893545984,,,in,,0,0,0,https://x.com/undefined/status/401592013893545984,526950498,,Negatif,
401574057872592896,Sat Nov 16 04:54:50 +0000 2013,0,Final Divisi I Liga Indonesia: Minggu 17 Nov. PS Kwarta vs Persinga Ngawi KO 14.30 WIB di Stadion Singaperbangsa Karawang LIVE MNC TV,401574057872592896,,,in,,0,0,0,https://x.com/undefined/status/401574057872592896,130869226,,Negatif,
401572479920918528,Sat Nov 16 04:48:34 +0000 2013,0,Grand Final Divisi I Liga Indonesia: PS Kwarta vs Persinga Ngawi Minggu 17 Nov pk 14.30 WIB di Stadion Singaperbangsa Karawang LIVE MNC TV,401572479920918528,,,in,,0,0,19,https://x.com/undefined/status/401572479920918528,1536613866,,Negatif,
401353862621458433,Fri Nov 15 14:19:52 +0000 2013,0,JAWA BARAT - Internal Audit - Karawang - PT MNC Sky Vision Tbk - Jawa Barat - Karawang: M... http://t.co/SgIkd290jc #lowongan #jawabarat,401353862621458433,,,in,,0,0,0,https://x.com/undefined/status/401353862621458433,378934789,,Negatif,
401347683312361472,Fri Nov 15 13:55:19 +0000 2013,0,Internal Audit - Karawang - PT MNC Sky Vision Tbk - Jawa Barat - Karawang http://t.co/Gsn5OJSV1V,401347683312361472,,,in,,0,0,0,https://x.com/undefined/status/401347683312361472,1110854935,,Negatif,
401346259018985472,Fri Nov 15 13:49:39 +0000 2013,0,Lowker Terbaru Internal Audit - Karawang - PT MNC Sky Vision Tbk - Jawa Barat - Karawang: Melakukan pengawasan... http://t.co/e2dTZ4tnFq,401346259018985472,,,in,,0,0,0,https://x.com/undefined/status/401346259018985472,951765054,,Negatif,
400950863532785664,Thu Nov 14 11:38:29 +0000 2013,0,Final Divisi I » Persinga Ngawi vs PS.Kwarta Deli Serdang at|St.Singaperbangsa Karawang Minggu 17 Nov 2013 pk.15.00 live MNC TV,400950863532785664,,,in,,0,0,0,https://x.com/undefined/status/400950863532785664,66898974,,Negatif,
398343420118183936,Thu Nov 07 06:57:26 +0000 2013,0,#LowonganKerja Internal Audit - Karawang - PT MNC Sky Vision Tbk - Jawa Barat - Karawang http://t.co/CkTFLJSOey Via @IDNewsLoker,398343420118183936,,,in,,0,0,0,https://x.com/undefined/status/398343420118183936,487712835,,Negatif,
398343409208811520,Thu Nov 07 06:57:24 +0000 2013,0,JAWA BARAT - Internal Audit - Karawang - PT MNC Sky Vision Tbk - Jawa Barat - Karawang: M... http://t.co/Bsk5AfQigJ #lowongan #jawabarat,398343409208811520,,,in,,0,0,0,https://x.com/undefined/status/398343409208811520,378934789,,Negatif,
386500802040188929,Sat Oct 05 14:39:06 +0000 2013,0,Selamat malam KCP lover sebelumnya kami mohon maaf karna ada satu hal dari pihak management MNC TV acara TOP POP... http://t.co/LEkh4PUUkB,386500802040188929,,,in,,0,1,5,https://x.com/undefined/status/386500802040188929,961685858,,Negatif,
386319300190928896,Sat Oct 05 02:37:53 +0000 2013,0,min @MallKCP denger2 top pop mnc ada d krwg?? kapan min tepatnya??? bisa X undang @S4isOfficial lagi buat dateng ke karawang ^_^,386319300190928896,,,in,,0,0,0,https://x.com/undefined/status/386319300190928896,1910568205,,Negatif,lag
382003870097883136,Mon Sep 23 04:56:09 +0000 2013,0,@nd3_vikers @leon_jacob @vikingUPI Tag Line Berita Di MNC Tv: Divisi 1 Persib Bandung vs Persik Kendal Ricuh Di Karawang.,382005441439334400,,dendepermana,in,,0,0,1,https://x.com/undefined/status/382005441439334400,950153298,,Negatif,
374161269487435776,Sun Sep 01 13:26:12 +0000 2013,0,Now mnc kids VC Cjr-kamu!:-),374161269487435776,,,in,,0,0,0,https://x.com/undefined/status/374161269487435776,482902197,,Negatif,
366346614979313664,Sat Aug 10 23:53:34 +0000 2013,0,Karawang bahagia kalo gada lo :p ahah @monic_mnc: Hari ini pulang ke karawang ....... ,366346614979313664,,,in,,0,0,0,https://x.com/undefined/status/366346614979313664,300087866,,Negatif,
364665806325415936,Tue Aug 06 08:34:38 +0000 2013,0,RT @Dominae_Indo: #GICC Juventus vs Inter | Rabu 7 Agustus 2013 | Pkl. 05.30 WIB | Live on MNC TV @Program_MNCTV #FORZAJUVE ,364665806325415936,,,in,,0,0,2,https://x.com/undefined/status/364665806325415936,1332205470,,Negatif,
361654942844461058,Mon Jul 29 01:10:32 +0000 2013,0,Guiness Cup | INTER vs CHELSEA | 02 08 2013 Pukul 07:00WIB | Disiarkan di MNC'TV | Mantap pagi2 ada Grande Partita @CISCkarawang :),361654942844461058,,,in,,0,0,1,https://x.com/undefined/status/361654942844461058,229791205,,Positif,mantap
361192356285919232,Sat Jul 27 18:32:23 +0000 2013,0,Ada nbar ga ka? RT @Antonello_88: Sekarang Vid!! RT @davIidku: Ok mks min skrng? Jam brp min? RT @MISez_Karawang: @davIidku MNC TV kang,361192356285919232,,,in,,0,0,0,https://x.com/undefined/status/361192356285919232,403979135,,Negatif,
361182151238090754,Sat Jul 27 17:51:49 +0000 2013,0,Sekarang Vid!! RT @davIidku: Ok mks min skrng? Jam brp min? RT @MISez_Karawang: @davIidku MNC TV kang,361182151238090754,,,in,,0,0,0,https://x.com/undefined/status/361182151238090754,102749278,,Negatif,
361181651721666561,Sat Jul 27 17:49:50 +0000 2013,0,Ok mks min skrng? Jam brp min? RT @MISez_Karawang: @davIidku MNC TV kang,361181651721666561,,,in,,0,0,1,https://x.com/undefined/status/361181651721666561,403979135,,Negatif,
360804815590260736,Fri Jul 26 16:52:26 +0000 2013,0,okeoke minn thaks atas info nya ya ? RT @JCI_Karawang: @UllyaAzra infonya 1 agustus jam 10 Pagi di MNC TV,360804815590260736,,,in,,0,0,0,https://x.com/undefined/status/360804815590260736,1052549106,,Negatif,
360205427151093760,Thu Jul 25 01:10:40 +0000 2013,0,Haha org karawang RT @vinosakti: Iya dong! RT @Irvan08: Jadi semalem koh @vinosakti ke studio MNC TV cuma mau liat Zaskia Gotik,360205427151093760,,,in,,0,0,1,https://x.com/undefined/status/360205427151093760,769352180,,Negatif,
359924272342368257,Wed Jul 24 06:33:28 +0000 2013,0,Iye dkt karawang -.-RT @Budskie: Top up mnc tv with kikan... untung deket nih (with abi and putranto at BTC - Bekasi Trade Center ®) ,359924272342368257,,,in,,0,0,1,https://x.com/undefined/status/359924272342368257,53343088,,Negatif,
359883311167979522,Wed Jul 24 03:50:42 +0000 2013,0,:O RT @jkt48_karawang: Selamat pagi Hari ini ada JKT48 di acara I Love Chelsea di MNC Tv jam 22.00.. Jangan sampai terlewatkan ya..,359883311167979522,,,in,,0,0,1,https://x.com/undefined/status/359883311167979522,185636037,,Negatif,
348087560347734017,Fri Jun 21 15:01:19 +0000 2013,0,@CarolRumangkang walah.. Situ nanya ane trs gw nanya sapa?? -_- ini kepiye seh.. Denger2 bsk karawang minggu pondok gede n mnc festival,348093276496220160,,Carolus2307,in,,0,1,0,https://x.com/undefined/status/348093276496220160,84854624,,Negatif,
346614069106733057,Mon Jun 17 13:09:41 +0000 2013,0,@wilzl_o Sbtu bukan'y di Karawang? Minggu x ya MNC Festifal'y :O Eia bsok Keren jd ga?,346615632105709570,,wilzl_o,in,,0,1,0,https://x.com/undefined/status/346615632105709570,340136801,,Negatif,
338470792767610881,Sun May 26 01:45:00 +0000 2013,0,Update Schedule FM Thn 2013; MEI 25 Gor Sidoarjo 26 Karawang 27 Mnc Tv - Top Pop 27 Tangerang 29 Muara Teweh... http://t.co/kkgGt3Q0Ej,338470792767610881,,,in,,0,0,0,https://x.com/undefined/status/338470792767610881,581651929,,Negatif,
338131146355388416,Sat May 25 03:15:22 +0000 2013,0,25 Gor Sidoarjo 26 Karawang 27 Mnc Tv - Top Pop 27 Tangerang 29 Muara Teweh Kalteng ,338131146355388416,,,in,,0,0,0,https://x.com/undefined/status/338131146355388416,597929005,,Negatif,
337537524098555904,Thu May 23 11:56:31 +0000 2013,0,26 Karawang 27 Mnc Tv - Top Pop 27 Tangerang 29 Muara Teweh Kalteng,337537524098555904,,,in,,0,0,0,https://x.com/undefined/status/337537524098555904,184283514,,Negatif,
337398831723462656,Thu May 23 02:45:24 +0000 2013,0,26 Karawang 27 Mnc Tv - Top Pop 27 Tangerang 29 Muara Teweh Kalteng,337398831723462656,,,in,,0,0,2,https://x.com/undefined/status/337398831723462656,597929005,,Negatif,
337169477747752961,Wed May 22 11:34:02 +0000 2013,0,MEI 23 Sctv - Liputan 6 Awards 24 Banda Aceh 25 Gor Sidoarjo 26 Karawang 27 Mnc Tv 27 Tangerang 29 Muara Teweh Kalteng,337169477747752961,,,in,,0,1,0,https://x.com/undefined/status/337169477747752961,597929005,,Negatif,
337083813010214912,Wed May 22 05:53:38 +0000 2013,0,RT @sugiharto_fm: MEI 23 Sctv - Liputan 6 Awards 24 Banda Aceh 25 Gor Sidoarjo 26 Karawang 27 Mnc Tv 27 Tangerang 29 Muara Teweh,337083813010214912,,,in,,0,0,0,https://x.com/undefined/status/337083813010214912,948866160,,Negatif,
337077541129035776,Wed May 22 05:28:43 +0000 2013,1,Update Jadwal FM MEI 23 Sctv - Liputan 6 Awards at Gedung Arsip Nasional Jkt 24 Banda Aceh 25 Gor Sidoarjo 26 Karawang 27 Mnc Tv next&gt;&gt;,337077541129035776,,,in,,0,0,0,https://x.com/undefined/status/337077541129035776,945213181,,Positif,
337070453132779522,Wed May 22 05:00:33 +0000 2013,0,@boyhamzah &amp; istri kuliner di festival masakan Jepang srta @Zivilia perform di Karawang dg formasi baru.Saksikan ONLOCATION ch.96 pkl 3 sore,337070453132779522,,boyhamzah,in,,0,0,1,https://x.com/undefined/status/337070453132779522,1199609018,,Negatif,
337058311469936642,Wed May 22 04:12:18 +0000 2013,0,RT @sugiharto_fm: MEI 23 Sctv - Liputan 6 Awards 24 Banda Aceh 25 Gor Sidoarjo 26 Karawang 27 Mnc (cont) http://t.co/xqfMSsHnJr,337058311469936642,,,in,,0,0,0,https://x.com/undefined/status/337058311469936642,483586616,,Negatif,
337057451495014401,Wed May 22 04:08:53 +0000 2013,0,RT @sugiharto_fm: MEI 23 Sctv - Liputan 6 Awards 24 Banda Aceh 25 Gor Sidoarjo 26 Karawang 27 Mnc Tv 27 Tangerang 29 Muara Teweh Kalteng,337057451495014401,,,in,,0,0,0,https://x.com/undefined/status/337057451495014401,227535935,,Negatif,
337056104406208512,Wed May 22 04:03:32 +0000 2013,0,MEI 23 Sctv - Liputan 6 Awards 24 Banda Aceh 25 Gor Sidoarjo 26 Karawang 27 Mnc Tv 27 Tangerang 29 Muara Teweh Kalteng Bantu Broad,337056104406208512,,,in,,0,0,0,https://x.com/undefined/status/337056104406208512,903149754,,Negatif,
337054306010267648,Wed May 22 03:56:23 +0000 2013,0,RT @sugiharto_fm: MEI 23 Sctv - Liputan 6 Awards 24 Banda Aceh 25 Gor Sidoarjo 26 Karawang 27 Mnc (cont) http://t.co/YOmKTZ2DuN,337054306010267648,,,in,,0,0,0,https://x.com/undefined/status/337054306010267648,890330479,,Negatif,
337053701699170304,Wed May 22 03:53:59 +0000 2013,0,MEI 23 Sctv - Liputan 6 Awards 24 Banda Aceh 25 Gor Sidoarjo 26 Karawang 27 Mnc Tv 27 Tangerang 29 Muara Teweh Kalteng Bantu Broadcast,337053701699170304,,,in,,0,0,1,https://x.com/undefined/status/337053701699170304,1006680662,,Negatif,
337051386690818048,Wed May 22 03:44:47 +0000 2013,1,MEI 23 Sctv - Liputan 6 Awards 24 Banda Aceh 25 Gor Sidoarjo 26 Karawang 27 Mnc Tv 27 Tangerang 29 Muara Teweh Kalteng Bantu Broadcast,337051386690818048,,,in,,0,6,14,https://x.com/undefined/status/337051386690818048,360245041,,Negatif,
336109043003314177,Sun May 19 13:29:47 +0000 2013,0,@rdi971 @dailoplop #ClubDangdut mlm sexy klo Via manjat Dinding gedung MNC asal Langsung jd Langsing kya Dai Lopez!!!!,336111443470602240,,rdi971,in,,0,0,0,https://x.com/undefined/status/336111443470602240,480263457,,Negatif,
330889943952007170,Sun May 05 03:41:24 +0000 2013,0,#Gigs Minggu 5 Mei : Offair at Ramayana Karawang jam 1 siang | Senin 6 Mei : Recording | Rabu 8 Mei : TOP POP MNC TV:),330889943952007170,,,in,,0,0,0,https://x.com/undefined/status/330889943952007170,1374836108,,Negatif,
328517654430220288,Sun Apr 28 14:34:47 +0000 2013,0,MNXXX channel nomer berapa wan? RT @mawanHS: Gada si adanya MNXXX bayuprstyoo: di karawang ada mnc wan? (cont) http://t.co/XqMlebM9Rn,328517654430220288,,,in,,0,0,0,https://x.com/undefined/status/328517654430220288,1181378274,,Negatif,
328515919800311808,Sun Apr 28 14:27:53 +0000 2013,0,di karawang ada mnc wan? RT @mawanHS: Mnc bayuprstyoo: di tv mana wan? RT @mawanHS: Waiting match MU vs arsenal ,328515919800311808,,,in,,0,0,0,https://x.com/undefined/status/328515919800311808,1181378274,,Negatif,
316588574210416643,Tue Mar 26 16:32:52 +0000 2013,0,Dgr dr danu? RT @nova_nosi: Kya'nya iyah. Gw prnh dgr2. Hehe. Pa gun dri nrc lgi sepi proyek. :D. Cman yg d karawang n mnc doang yg baru,316588574210416643,,,in,,0,0,0,https://x.com/undefined/status/316588574210416643,131111283,,Negatif,
309140924095684608,Wed Mar 06 03:18:34 +0000 2013,0,Branch Compliance Team ( Karawang ) - PT MNC Sky Vision Tbk (Indovision) - Karawang (Jawa Barat) http://t.co/EuLJe0JaRx,309140924095684608,,,in,,0,0,0,https://x.com/undefined/status/309140924095684608,431297610,,Negatif,
305428853235535872,Sat Feb 23 21:28:07 +0000 2013,0,Disuruh tidur sama @fiabagus: Tidur min:p RT @MI_Karawang: Film india kayanya keren tuh di MNC tv,305428853235535872,,,in,,0,0,0,https://x.com/undefined/status/305428853235535872,229798769,,Positif,bagus
305426163201871872,Sat Feb 23 21:17:26 +0000 2013,0,Tidur min:p RT @MI_Karawang: Film india kayanya keren tuh di MNC tv,305426163201871872,,,in,,0,0,0,https://x.com/undefined/status/305426163201871872,128806447,,Negatif,
302777403019759616,Sat Feb 16 13:52:12 +0000 2013,0,Jempol digoyang RT @Valova_Karawang: #SharePict waktu di mnc tv :D cc: famedepok http://t.co/sI3CRIv1,302777403019759616,,,in,,0,0,0,https://x.com/undefined/status/302777403019759616,484545823,,Negatif,
295244503604920320,Sat Jan 26 18:59:09 +0000 2013,0,DoboL :p eh sabtu karawang nyo? RT @owlAntartika: Mak nori RT @baguzbarker: Eh itu artis yg di MNC siapa ya yg cewe itu ituh :D ,295244503604920320,,,in,,0,0,0,https://x.com/undefined/status/295244503604920320,99339463,,Negatif,
280473727869808641,Mon Dec 17 00:45:22 +0000 2012,0,RT @salshaabilaa: Winxs Tapping mari bermain MNC Tv lokasi Tajur Bogor...ya Allah badan ini masih capek... ,280473727869808641,,,in,,0,0,1,https://x.com/undefined/status/280473727869808641,482902197,,Negatif,
276509006959374337,Thu Dec 06 06:26:07 +0000 2012,0,@jkt48_karawang barusan cleo kan min di MNC tv?,276573212559687680,,team48_krw,in,,0,0,1,https://x.com/undefined/status/276573212559687680,101924501,,Negatif,
270003111861563392,Sun Nov 18 03:18:52 +0000 2012,0,#INFO tgl 19 nov di MNC TV jam 4 sore | tgl 20 nov di Trans7 hitam putih jam 6 sore | 1 desember di karawang,270003111861563392,,,in,,0,1,2,https://x.com/undefined/status/270003111861563392,706901767,,Negatif,
270002081803423744,Sun Nov 18 03:17:40 +0000 2012,0,tgl 19 di MNC TV jam 4 sore | tgl 20 di Trans7 hitam putih jam 6 sore | 1 desember di karawang @RizalPakaya,270002808462393345,,Rizal_Moko93,in,,0,1,1,https://x.com/undefined/status/270002808462393345,706901767,,Negatif,
264644787725012993,Sat Nov 03 08:26:48 +0000 2012,0,Hayooo syapa ªĴĴªª nih Ɣªήğ Uϑªh stay tune mnc tv :),264644787725012993,,,in,,0,1,0,https://x.com/undefined/status/264644787725012993,896600768,,Negatif,
263250988599767040,Tue Oct 30 12:08:21 +0000 2012,0,Jadwal @ZIGAZrocks November : 3 Off Air Bogor 4 Off Air Kelapa Gading. 7 Inbox SCTV Sby 11 MNC Tv Makassar(Tentativ) 17 Off Air Karawang.,263250988599767040,,,in,,0,1,1,https://x.com/undefined/status/263250988599767040,279447898,,Negatif,
263138356995706880,Tue Oct 30 04:40:47 +0000 2012,0,RT @ZIGAZrocks: (Cont) 11 Onair Mnc tv makassar (tbc) tgl 17 Offair M2 radio karawang Tgl 18 (cont) http://t.co/cwI8t7Ci,263138356995706880,,,in,,0,0,0,https://x.com/undefined/status/263138356995706880,107727118,,Negatif,
263137400191066112,Tue Oct 30 04:38:23 +0000 2012,0,RT @ZIGAZrocks : (Cont) 11 Onair Mnc tv makassar (tbc) tgl 17 Offair M2 radio karawang Tgl 18 Offair medan 20 Onair inbox Sctv surabaya,263137751740846080,,ZIGAZrocks,in,,0,0,0,https://x.com/undefined/status/263137751740846080,279447898,,Negatif,
263137400191066112,Tue Oct 30 04:36:59 +0000 2012,0,(Cont) 11 Onair Mnc tv makassar (tbc) tgl 17 Offair M2 radio karawang Tgl 18 Offair medan 20 Onair inbox Sctv surabaya (cont),263137400191066112,,,in,,0,1,2,https://x.com/undefined/status/263137400191066112,112419923,,Negatif,
262008701282578437,Sat Oct 27 01:51:56 +0000 2012,0,Ada ko.. Si afif :) @rizkydavi: Team48karawang gak hadir sih min pas hut mnc.. Coba dateng gua ada temennya ._. @jkt48_karawang ,262008701282578437,,,in,,0,0,0,https://x.com/undefined/status/262008701282578437,617441658,,Negatif,
259606903074738176,Sat Oct 20 10:48:03 +0000 2012,0,Wow min mau ikutan dong :D~~ RT @jkt48_karawang: Dan nanti malam akan ada Flashmob loh di acara AM21NG MNC (cont) http://t.co/YvZVkOcZ,259606903074738176,,,in,,0,0,0,https://x.com/undefined/status/259606903074738176,595342596,,Negatif,
259606698610798593,Sat Oct 20 10:47:14 +0000 2012,0,RT @jkt48_karawang: Dan nanti malam akan ada Flashmob loh di acara AM21NG MNC TV.. Makanya jangan sampe ketinggalan yah.. :D,259606698610798593,,,in,,0,0,0,https://x.com/undefined/status/259606698610798593,595342596,,Negatif,
259216094454218752,Fri Oct 19 08:55:07 +0000 2012,0,RT @jkt48_karawang: Besok JKT48 akan tampil di AM21NG Hut MNc pukul 20.45 di MNC TV.. Jangan ketinggalan yah minna.. ,259216094454218752,,,in,,0,0,0,https://x.com/undefined/status/259216094454218752,379119705,,Negatif,
259153685190418433,Fri Oct 19 04:47:08 +0000 2012,0,Anak karawang ke MNC gk..? @jkt48_karawang: Besok :) @MaraJkt48: @jkt48_karawang Kapan mau berangkat ke theater min? Yang dari karawang! ,259153685190418433,,,in,,0,0,0,https://x.com/undefined/status/259153685190418433,282476904,,Negatif,
236307690547200002,Fri Aug 17 03:45:18 +0000 2012,0,Karawang on MNC TV. Karawang.,236307690547200002,,,in,,0,0,0,https://x.com/undefined/status/236307690547200002,62221112,,Negatif,
231825597888876544,Sat Aug 04 18:55:04 +0000 2012,0,Alhamdulillah nyampe jg di karawang. Lanjut nonton @juventusfc MNC Sport2,231825597888876544,,,in,,0,0,0,https://x.com/undefined/status/231825597888876544,217085912,,Negatif,
229081197412749313,Sat Jul 28 05:11:45 +0000 2012,0,RT @bryantlikersbdg #info 28 juli taping koper &amp; runsel 29 juli @sik asik MnC jam 13:30 (hasil taping) 29 juli off air karawang central,229081687206797312,,BryantLikersBDG,in,,0,0,0,https://x.com/undefined/status/229081687206797312,569777644,,Negatif,
229081197412749313,Sat Jul 28 05:09:48 +0000 2012,0,#info 28 juli taping koper &amp; runsel 29 juli @sik asik MnC jam 13:30 (hasil taping) 29 juli off air karawang central plaza.,229081197412749313,,,in,,0,3,5,https://x.com/undefined/status/229081197412749313,700080973,,Negatif,
226083519590453248,Thu Jul 19 22:38:06 +0000 2012,0,Wakil Kepala Cabang (Wakacab)- Karawang - MNC Sky Vision ( Indovision ) - Jawa Barat - Karawang http://t.co/vCwBbZQS,226083519590453248,,,in,,0,0,0,https://x.com/undefined/status/226083519590453248,431297610,,Negatif,
222613787826593792,Tue Jul 10 08:50:37 +0000 2012,0,Wakil Kepala Cabang (Wakacab) - MNC Sky Vision ( Indovision ) - Jawa Barat - Karawang http://t.co/pU9CeSbD,222613787826593792,,,in,,0,0,0,https://x.com/undefined/status/222613787826593792,431297610,,Negatif,
222613734303088640,Tue Jul 10 08:50:24 +0000 2012,0,Kepala Cabang (Kacab) - MNC Sky Vision ( Indovision ) - Muara Enim (Sumatera Selatan) - Karawang http://t.co/XmdRNelK,222613734303088640,,,in,,0,0,0,https://x.com/undefined/status/222613734303088640,431297610,,Negatif,
222612922176778240,Tue Jul 10 08:47:11 +0000 2012,0,Kepala Cabang (Kacab) - MNC Sky Vision ( Indovision ) - Muara Enim (Sumatera Selatan) - Karawang http://t.co/LrwKzc3f,222612922176778240,,,in,,0,0,0,https://x.com/undefined/status/222612922176778240,431297610,,Negatif,
222612919978950657,Tue Jul 10 08:47:10 +0000 2012,0,Wakil Kepala Cabang (Wakacab) - MNC Sky Vision ( Indovision ) - Jawa Barat - Karawang http://t.co/5LCwokb0,222612919978950657,,,in,,0,0,0,https://x.com/undefined/status/222612919978950657,431297610,,Negatif,
215017022680080385,Tue Jun 19 09:43:47 +0000 2012,0,:Oooώ (.̮) good luck kak RT @SeviCiprut: Smlm MNC bsk off air di Karawang :) @arek_i: ªÐå acra ªpå kak? RT @SeviCiprut: Main sini bah,215017022680080385,,,in,,0,0,0,https://x.com/undefined/status/215017022680080385,561268623,,Negatif,
214951186372104193,Tue Jun 19 05:22:11 +0000 2012,1,Smlm MNC bsk off air di Karawang :) @arek_i: ªÐå acra ªpå kak? RT @SeviCiprut: Main sini bah !! Aku di gandaria,214951186372104193,,,in,,0,0,0,https://x.com/undefined/status/214951186372104193,119028715,,Negatif,
203460370218758145,Fri May 18 12:21:47 +0000 2012,0,Aseek karawang d goyang ada tiga macan d MNC TV ƗƚɑƗƚɑƗƚɑƗƚɑƗƚɑ =)) .*gadakKerjaan,203460370218758145,,,in,,0,0,0,https://x.com/undefined/status/203460370218758145,254872521,,Negatif,
199877728365850624,Tue May 08 15:05:38 +0000 2012,0,Lowongan Kerja Karawang Sports Centre (Supervisor Marketing) Synergy Cakra Buana (Management Trainee) MNC... http://t.co/EjmIrgRA,199877728365850624,,,in,,0,0,0,https://x.com/undefined/status/199877728365850624,40630874,,Negatif,
192882570323693568,Thu Apr 19 07:49:23 +0000 2012,0,Asst. Branch Manager/Wakil Kepala Cabang (Bekasi & Karawang-Jawa Barat) - MNC SKYVISION PT (INDOVISION): Negoti... http://t.co/x6yU1fEM,192882570323693568,,,in,,0,0,0,https://x.com/undefined/status/192882570323693568,291691590,,Negatif,
192882563205971968,Thu Apr 19 07:49:21 +0000 2012,0,#Lowongan Asst. Branch Manager/Wakil Kepala Cabang (Bekasi & Karawang-Jawa Barat) - MNC SKYVISION PT (I... http://t.co/RZy8eeu2 #JobsDB,192882563205971968,,,in,,0,0,0,https://x.com/undefined/status/192882563205971968,212104619,,Negatif,
190048832539734016,Wed Apr 11 12:09:07 +0000 2012,0,Aiiihhhh aiiiihhhhh wrtos kn ka mamah :p RT @fujiauliia: Karawang RT @De_Herdiansyah: Lg dmana ? RT @fujiauliia:,190048832539734016,,,in,,0,0,0,https://x.com/undefined/status/190048832539734016,399959973,,Negatif,
188285180526596096,Fri Apr 06 15:20:59 +0000 2012,0,I'm at MNC Gempol (Loket Pembayaran Listrik) (Karawang Jawa Barat) http://t.co/VUtxChU,188285180526596096,,,in,,0,0,0,https://x.com/undefined/status/188285180526596096,20755693,,Negatif,
188032042414510080,Thu Apr 05 22:35:07 +0000 2012,0,Iyahh (⌣́_⌣̀) @Raffaaaw: Oh gitu RT: @Jayuz_MNC: Bkn Asli majalengka RT @Raffaaaw: Oh org karawang tohh iyalah psti krawang mh pnas,188032042414510080,,,in,,0,0,0,https://x.com/undefined/status/188032042414510080,399959973,,Negatif,
188031234880978944,Thu Apr 05 22:31:54 +0000 2012,0,Bkn Asli majalengka RT @Raffaaaw: Oh org karawang tohh iyalah psti krawang mh pnas (⌣́_⌣̀) RT: @Jayuz_MNC: Iyahh kle pdhl krwang pnas beud,188031234880978944,,,in,,0,0,0,https://x.com/undefined/status/188031234880978944,399959973,,Negatif,
178878030813478913,Sun Mar 11 16:20:20 +0000 2012,0,goblok lagi RT @adipatkai mendingan imron antara karawang dan bekasi RT @firsdew mnc bikin pelem kek gerardi anak pasar rebo ,178878030813478913,,,in,,0,0,0,https://x.com/undefined/status/178878030813478913,78551737,,Negatif,lag
177323219626364928,Wed Mar 07 09:22:04 +0000 2012,0,Bagian g pulang karawang aja di mnc sport 1 ada all england! (̾˘̶̀̾ ̯˘̶́̾ ̾̾'̾̾)̾,177323219626364928,,,in,,0,0,0,https://x.com/undefined/status/177323219626364928,207980807,,Negatif,
175137835295313920,Thu Mar 01 08:38:08 +0000 2012,0,RT @VELOWERS: Just info for perform @TheVelocity_ID : tgl 2 live MNC Tv tgl 3 karawang tgl 4 djarum coklat tour religi di limo/ciputat!!,175137835295313920,,,in,,0,0,0,https://x.com/undefined/status/175137835295313920,142258148,,Negatif,
175117849583558656,Thu Mar 01 07:18:43 +0000 2012,0,RT @VELOWERS: Just info for perform @TheVelocity_ID : tgl 2 live MNC Tv tgl 3 karawang tgl 4 djarum coklat tour religi di limo/ciputat!!,175117849583558656,,,in,,0,0,0,https://x.com/undefined/status/175117849583558656,112401196,,Negatif,
175107460644864000,Thu Mar 01 06:37:26 +0000 2012,0,Just info for perform @TheVelocity_ID : tgl 2 live MNC Tv tgl 3 karawang tgl 4 djarum coklat tour religi di limo/ciputat!!,175107460644864000,,,in,,0,0,0,https://x.com/undefined/status/175107460644864000,307156649,,Negatif,
165969839280750592,Sun Feb 05 01:27:47 +0000 2012,0,Pelita Jaya Purwakarta Karawang Solo vs Persib Bandung KO 18.30 live antv followed by Chelshit vs Man. United 22.30 live MNC. #SuperSunday,165969839280750592,,,in,,0,0,0,https://x.com/undefined/status/165969839280750592,117677438,,Negatif,
159156824904450048,Tue Jan 17 06:15:18 +0000 2012,0,om hari ne syoting d karawang ato d acra yg mnc tv please blz om RT @ferrysal1m: Tq u too RT .,159156824904450048,,,in,,0,0,0,https://x.com/undefined/status/159156824904450048,459939627,,Negatif,
148358794894778368,Sun Dec 18 11:07:47 +0000 2011,0,Zzzzzz mnc di karawang ko pada error gini update barca lewat twitter doang @FCBarcelona,148358794894778368,,,in,,0,0,0,https://x.com/undefined/status/148358794894778368,143690127,,Negatif,error
137414304956821504,Fri Nov 18 06:18:17 +0000 2011,0,*nelen pempek* :D RT @JCI_Karawang: Yuuuuukk \(ˆ▽ˆ)/ RT @JCI_Palembang: Yok nonton futsal putri vs Vietnam di MNC..,137414304956821504,,,in,,0,0,0,https://x.com/undefined/status/137414304956821504,235758777,,Negatif,
136037271412555776,Mon Nov 14 15:55:45 +0000 2011,0,Hidup Toraja :D RT @Henrie_Havergal Hidup karawang :D RT @edwinewin: apaan nih MNC group di acak semua siaran nya ? mendingan ge TVRI lah !,136110075117969409,,HenryTonapa,in,,0,0,0,https://x.com/undefined/status/136110075117969409,67843974,,Negatif,
126989556808548353,Thu Oct 20 11:54:04 +0000 2011,0,RT @TrinityOptimaP: RT @UNGU_Tweet: Malam ini saksikan ungu di mnc tv. 20.00 wib.. C u cliqueerrss,126989556808548353,,,in,,0,0,0,https://x.com/undefined/status/126989556808548353,391825566,,Negatif,
126645864772022273,Wed Oct 19 13:08:21 +0000 2011,0,RT @UNGU_Tweet: besok ungu live dari MNC TV anniversary show dari taman mini indonesia indah,126645864772022273,,,in,,0,0,0,https://x.com/undefined/status/126645864772022273,391825566,,Positif,aman
108520683390255104,Tue Aug 30 12:45:21 +0000 2011,0,I'm at MNC Gempol (Loket Pembayaran Listrik) (Jl. Rangga Gede 131 Karawang) http://t.co/L1gV40x,108520683390255104,,,in,,0,0,0,https://x.com/undefined/status/108520683390255104,20755693,,Negatif,
107863952872046592,Sun Aug 28 17:21:28 +0000 2011,0,@hsyafaat hilyani hidranto sapa coy? Ruli juga patut diperhitungkan! Tadi di kuis mnc Ruli dari karawang menang 500.000 ‎​\(‾ ‾ )&gt;,107865393250566145,,hsyafaat,in,,0,1,0,https://x.com/undefined/status/107865393250566145,148234719,,Negatif,
105683716243849217,Mon Aug 22 16:52:16 +0000 2011,0,MNC TV ada dangdut tuh @marioocp ...goyang karawang dulu lah lau..tarikkkkk mangggggg!!!hahaha..,105683716243849217,,,in,,0,0,0,https://x.com/undefined/status/105683716243849217,81270407,,Negatif,
101642623449698304,Thu Aug 11 13:14:24 +0000 2011,0,TPI karo RCTI gawe pabrik nang kono?..RT @birgittapermana: Wuidih Karawang makin rame aja nih ya sama MNC plant. :D,101642623449698304,,,in,,0,0,0,https://x.com/undefined/status/101642623449698304,328479587,,Negatif,
101631622364921856,Thu Aug 11 12:30:41 +0000 2011,0,Wuidih Karawang makin rame aja nih ya sama MNC plant. :D,101631622364921856,,,in,,0,0,0,https://x.com/undefined/status/101631622364921856,32701184,,Negatif,
100488237654614016,Mon Aug 08 08:47:17 +0000 2011,0,-__- RT @safirafirara: Mnc lover → RT @AISipan: *tarung dangdut* RT @safirafirara: *nyawer* ups :p RT @AISipan: *goyang karawang* #eh RT,100488237654614016,,,in,,0,0,0,https://x.com/undefined/status/100488237654614016,74073324,,Negatif,
99233666194092032,Thu Aug 04 21:42:04 +0000 2011,0,oh..Slankers Karawang juga dateng ke MNC ye? keren!,99233666194092032,,,in,,0,0,0,https://x.com/undefined/status/99233666194092032,273341268,,Negatif,
99138253386551296,Thu Aug 04 15:22:56 +0000 2011,0,LOL RT @bismo_HS: Stay tune on MNC tv ada @citraScholas di acara Tarung Dangdut .. Asoooyy karawang digoyaaaangg !!!! Hobaaah !!!!,99138253386551296,,,in,,0,0,0,https://x.com/undefined/status/99138253386551296,81822191,,Negatif,
94686504865103872,Sat Jul 23 08:33:16 +0000 2011,0,Jogja jogja RT @NiiDie507: karawang karawangRT @capt_wahyu: Jangan lupa ntar malam jam 22.30 WIB di MNC TV (cont) http://tl.gd/btdmuk,94686504865103872,,,in,,0,0,0,https://x.com/undefined/status/94686504865103872,18170607,,Negatif,
94683543241900034,Sat Jul 23 08:21:30 +0000 2011,0,Jangan lupa ntar malam jam 22.30 WIB di MNC TV masih ada liputan tentang @sheilaon7 waktu di spectafest karawang,94683543241900034,,,in,,0,0,1,https://x.com/undefined/status/94683543241900034,18170607,,Negatif,
92384349068075009,Sun Jul 17 00:05:19 +0000 2011,0,Yach smalem d Mnc Tv ad S07 @Arfi_Prasetya. Tgl 2 juli jg ad yg off air nya stagenya d Karawang. Aku g ntn smuaa #nyeselterkoyorkoyor,92384349068075009,,,in,,0,0,0,https://x.com/undefined/status/92384349068075009,269723670,,Negatif,
92257485670461441,Sat Jul 16 15:41:13 +0000 2011,0,@GGMSpektafest edisi @sheilaon7 yg di karawang diputer di MNC TV ＼(^o^)／,92257485670461441,,GGMSpektafest,in,,0,0,0,https://x.com/undefined/status/92257485670461441,73800625,,Negatif,
92144222127394816,Sat Jul 16 08:11:09 +0000 2011,0,Buat yang nanya tentang spektafest karawang @sheilaon7 semoga saja malam ini ditayangin di MNC TV. Ditunggu saja info2 selanjutnya :),92144222127394816,,,in,,0,0,0,https://x.com/undefined/status/92144222127394816,192107347,,Negatif,
89702524365447169,Sat Jul 09 14:28:43 +0000 2011,0,RT @BrianSO7: RT @sisogi: Ini dia @GGMSpektafest kmrn.. RT @ahmad_maulans: entar malam taping edisi karawang nonton nyok jm 22.30 di MnC tV,89702524365447169,,,in,,0,0,0,https://x.com/undefined/status/89702524365447169,117691388,,Negatif,
89699792975966208,Sat Jul 09 14:17:51 +0000 2011,0,RT @sisogi: Ini dia @GGMSpektafest kmrn.. RT @ahmad_maulans: entar malam taping edisi karawang nonton nyok jm 22.30 di MnC tV :D,89699792975966208,,,in,,0,2,0,https://x.com/undefined/status/89699792975966208,27088038,,Negatif,
89697779663896576,Sat Jul 09 14:09:51 +0000 2011,0,Ini dia @GGMSpektafest kmrn.. RT @ahmad_maulans: entar malam taping edisi karawang nonton nyok jm 22.30 di MnC tV :D,89697779663896576,,,in,,0,0,0,https://x.com/undefined/status/89697779663896576,44143422,,Negatif,
89684443316490240,Sat Jul 09 13:16:52 +0000 2011,0,RT @ahmad_maulans:ntar malam edisi karawang nonton nyok jm 22.30 di MnC tVcc: @GGMSpektafest @amink80@___TJ@sheilaon7@zigaz@sisogi@Duta507,89684443316490240,,,in,,0,0,1,https://x.com/undefined/status/89684443316490240,97470647,,Negatif,
89649247846268928,Sat Jul 09 10:57:00 +0000 2011,0,penasaran hayang ningali edisi karawang @GGMSpektafest edisi @sheilaon7 kos kumaha ningali weh lah engke peuting jm 22.30 di MnC haha :D,89649247846268928,,,in,,0,1,1,https://x.com/undefined/status/89649247846268928,269825491,,Negatif,
89645867740565504,Sat Jul 09 10:43:35 +0000 2011,0,entar malam taping edisi karawang nonton nyok jm 22.30 di MnC tV :D cc: @GGMSpektafest @amink80 @___TJ @sheilaon7 @zigaz @sisogi @Duta507,89645867740565504,,,in,,0,0,1,https://x.com/undefined/status/89645867740565504,269825491,,Negatif,
87542217421492224,Sun Jul 03 15:27:49 +0000 2011,0,KCTV karawang. ada Last Hero.. eeeeeeeh.. xixixi.. RT @hollybetelshit #nw MNC TV ada ST12!!,87543073369899009,,putubetel,in,,0,0,0,https://x.com/undefined/status/87543073369899009,97599919,,Negatif,
87186887348985856,Sat Jul 02 15:52:28 +0000 2011,0,Goyang karawang RT @faranbi: Semuanya ikut goyang RT @tarainbow: Setuju coy goyang atuh goyang RT @faranbi: Ok lah mendingan MNC aja trnyat,87186887348985856,,,in,,0,0,0,https://x.com/undefined/status/87186887348985856,97364781,,Negatif,
87138835066134528,Sat Jul 02 12:43:48 +0000 2011,0,skrg bkn edisi di kota karawang??????RT @GGMSpektafest @yayanmaukurus di mnc teve jam 10 30 edisi kota purwokerto dengan @ST12_Band,87139408901443584,,GGMSpektafest,in,,0,0,0,https://x.com/undefined/status/87139408901443584,269825491,,Negatif,
87118501025812480,Sat Jul 02 11:20:43 +0000 2011,0,yuk akh nonton taping nya gudang garam merah edisi karawang entar malem jm 22.30 di mnc tV @GGMSpektafest,87118501025812480,,,in,,0,0,0,https://x.com/undefined/status/87118501025812480,269825491,,Negatif,
87077171637661696,Sat Jul 02 08:36:30 +0000 2011,0,RT @dimaso7: nanti malam ada @sheilaon7 di mnc tv jam 22.30. penasaran bagaimana saja saat di karawang,87077171637661696,,,in,,0,0,0,https://x.com/undefined/status/87077171637661696,176703580,,Negatif,
87076673262063616,Sat Jul 02 08:36:18 +0000 2011,0,sama..jngan smpai jdi yg trlwatkan RT @dimaso7: nanti malam ada @sheilaon7 di mnc tv jam 22.30. penasaran bagaimana saja saat di karawang,87077121964523520,,dimaso7,in,,0,0,0,https://x.com/undefined/status/87077121964523520,240654008,,Negatif,
87076673262063616,Sat Jul 02 08:34:31 +0000 2011,0,nanti malam ada @sheilaon7 di mnc tv jam 22.30. penasaran bagaimana saja saat di karawang,87076673262063616,,,in,,0,1,0,https://x.com/undefined/status/87076673262063616,187431549,,Negatif,
87064170561941504,Sat Jul 02 07:44:50 +0000 2011,0,nanti malam di mnc tv ada @sheilaon7 saat konsernya di karawang,87064170561941504,,,in,,0,0,0,https://x.com/undefined/status/87064170561941504,187431549,,Negatif,
86804344376262656,Fri Jul 01 14:32:23 +0000 2011,0,besok malam di MnC tv taping yg di karawang yaa @GGMSpektafest,86804344376262656,,,in,,0,0,0,https://x.com/undefined/status/86804344376262656,269825491,,Negatif,
82701219948281856,Mon Jun 20 06:48:02 +0000 2011,0,Tunggu foto foto liputan #spektafestggm karawang kemarin ya guys! Seru bangett !Liputannya bisa dilihat di MNC... http://fb.me/11x93GBxn,82701219948281856,,,in,,0,0,0,https://x.com/undefined/status/82701219948281856,288049561,,Negatif,
82165994235248640,Sat Jun 18 19:21:14 +0000 2011,0,RT @SPYistimewa: RT @Duta507: Tapping #spektafestGGM 2011 di Karawang akan disiarkan di MNC 2 Juli 2011 jam 22.30.Thx http://mtw.tl/l73q147,82165994235248640,,,in,,0,0,0,https://x.com/undefined/status/82165994235248640,88994906,,Negatif,
82146775984644096,Sat Jun 18 18:04:52 +0000 2011,0,aseek @Reza507: RT @Duta507: RT @ardhi10: Tapping #spektafestGGM 2011 di Karawang akan disiarkan di MNC 2 Juli 2011 http://mtw.tl/l758ecm,82146775984644096,,,in,,0,0,0,https://x.com/undefined/status/82146775984644096,79133182,,Negatif,
82144326754377728,Sat Jun 18 17:55:08 +0000 2011,0,RT @Duta507: RT @ardhi10: Tapping #spektafestGGM 2011 di Karawang akan disiarkan di MNC 2 Juli 2011 jam 22.30.Thx ... http://tmi.me/bMf7r,82144326754377728,,,in,,0,0,0,https://x.com/undefined/status/82144326754377728,18710980,,Negatif,
82139222454177793,Sat Jun 18 17:34:51 +0000 2011,0,Tapping #spektafestGGM 2011 di Karawang akan disiarkan di MNC 2 Juli 2011 jam 22.30.Thx mas @Duta507 dan @sheilaon7 atas infonya ^^,82139222454177793,,,in,,0,0,4,https://x.com/undefined/status/82139222454177793,67185597,,Negatif,
82110098268368897,Sat Jun 18 15:58:54 +0000 2011,0,@GGMSpektafest mlm ni d mnc @kotak_band klo @sheilaon7 d tyangnny kpn y?? Seandainy qu pny pntu k mn sj'nya doraemon pgn lgsg d karawang,82115074617131010,,GGMSpektafest,in,,0,0,0,https://x.com/undefined/status/82115074617131010,159008490,,Negatif,
73252085692514305,Wed May 25 05:08:40 +0000 2011,0,MNC RT @detikcom Toyota Perluas Pabrik Rp 1 7 Triliun di Karawang http://de.tk/skBE8 via @detikfinance,73254130726076416,,detikcom,in,,0,0,0,https://x.com/undefined/status/73254130726076416,131353520,,Negatif,
42902779672535040,Wed Mar 02 11:03:14 +0000 2011,0,Ntn MNC Lifestyle ada japanese resto di Karawang... Hebat!! Br tau deh @kisti_ps :D,42902779672535040,,,in,,0,0,0,https://x.com/undefined/status/42902779672535040,158338357,,Negatif,
42555415115993088,Tue Mar 01 12:02:56 +0000 2011,0,Mbak goyang karawang ny seruuu bgt loh . :) RT @juliaperrez: Nonton supergirl yah di mnc tv jam 7 malam and duets ... http://tmi.me/7epwV,42555415115993088,,,in,,0,0,0,https://x.com/undefined/status/42555415115993088,123470301,,Negatif,
38888509939003392,Sat Feb 19 09:21:27 +0000 2011,0,@anitasputra bgmn kalau nonton The Mechanic yang ditukar Arwah Goyang Karawang ? edisi MNC TV Putri yang Ditukar,38890897529765888,,anitasputra,in,,0,0,0,https://x.com/undefined/status/38890897529765888,193514565,,Negatif,
38600653974667264,Fri Feb 18 14:10:36 +0000 2011,0,Konyol gatuh? Mls amat yak? -.-RT @lizyuliandari Wkwk *ngakak RT @pancehilde: Wtf! Segera di tayangkan ftv kembang goyang karawang di mnc tv,38601277298450432,,,in,,0,0,0,https://x.com/undefined/status/38601277298450432,59082256,,Negatif,
38596909266518016,Fri Feb 18 13:53:14 +0000 2011,0,Wtf! Segera di tayangkan ftv kembang goyang karawang di mnc tv ada DePe dan Pacarnye tuh si nicky (bujana) tirta,38596909266518016,,,in,,0,0,0,https://x.com/undefined/status/38596909266518016,59082256,,Negatif,
33841510239830016,Sat Feb 05 10:56:59 +0000 2011,0,Baru sampe karawang....akkkkkkRT @ajaysajah: Otw MNC tv.. Ultah radio dan majalah nagaswara..,33841510239830016,,,in,,0,0,0,https://x.com/undefined/status/33841510239830016,241043320,,Negatif,
30695379632660480,Thu Jan 27 18:35:23 +0000 2011,0,sekarang namanya MNC setan ! hahaha RT @ksatriacahya: Tpi kali itu hahaRT @fer_lis: bukan Warkop karawang hahaha di MNC yo RT @ksatriacahya,30695379632660480,,,in,,0,0,0,https://x.com/undefined/status/30695379632660480,97949783,,Positif,aman
30693116885344256,Thu Jan 27 18:26:23 +0000 2011,0,bukan Warkop karawang hahaha di MNC yo RT @ksatriacahya: Warkop dki? Dimana fer?RT @fer_lis: untung ada Warkop,30693116885344256,,,in,,0,0,0,https://x.com/undefined/status/30693116885344256,97949783,,Negatif,
21411498316271616,Sun Jan 02 03:44:33 +0000 2011,0,Kynya stasiun TV MNC cuma merubah nama aja nih! acaranya msh gitu teruuus karawang digoyangggggg ‎​(¬_¬),21411498316271616,,,in,,0,0,0,https://x.com/undefined/status/21411498316271616,69485049,,Negatif,
20835574269083648,Fri Dec 31 13:36:02 +0000 2010,0,malem ini nntn dangdut bang roma aja dh MNC tipi wahaha karawang digoyang .,20835574269083648,,,in,,0,0,0,https://x.com/undefined/status/20835574269083648,83804877,,Negatif,
6902753045516288,Tue Nov 23 02:51:59 +0000 2010,0,Artinya saya MC kondang yg muncul di MNC TV.RT @dinipurnama: Artinya : sy ank gaul karawang loch!ckck RT (cont) http://tl.gd/7426c6,6902753045516288,,,in,,0,0,0,https://x.com/undefined/status/6902753045516288,129731154,,Negatif,
